file,folder_name,file_id
ACSF1__X_test.json,ACSF1,1doEEt-d0usD0_Bbff94fPiB4NKGE7pES
ACSF1__X_train.json,ACSF1,1-kcLIhmgOm0N-bL7iHi2w5LuTJhWbH00
ACSF1__metadata.yaml,ACSF1,1_x-au_i3b7oyOypi4N1CZ7H7vwQIB2qt
ACSF1__y_test.json,ACSF1,13V5A23TD4rlR9Li52XlaHNuDa71Dg7bP
ACSF1__y_train.json,ACSF1,1qvKckPHb-GGLX3PxxD-i3ab4dDaREYWw
Adiac__X_test.json,Adiac,1rioQgQlJ0IBKk-UEtJznWAnqz5LTI5hH
Adiac__X_train.json,Adiac,1OdZR-MZ_iKolTCB0aMVCdcMhQbKVTEOv
Adiac__metadata.yaml,Adiac,1gjffXa3SHFIuTANcDLUEW8QXhxZ_nLYK
Adiac__y_test.json,Adiac,1KZBi1PBB8diL4HO9I8Kwti3Y_jKtLqOH
Adiac__y_train.json,Adiac,1Qm4UkQaimHxALn_VYNSybyEQ8oPOuzEz
AllGestureWiimoteX__X_test.json,AllGestureWiimoteX,15H3suUt_CRwMycHdULUxhXN4VqjXyDWo
AllGestureWiimoteX__X_train.json,AllGestureWiimoteX,1CRmdPO32WnxIWRaRcvQl_8bSLI-_4qAP
AllGestureWiimoteX__metadata.yaml,AllGestureWiimoteX,1b-ig5ux4CR1JrXcSSwIbh5CceNBjgJzU
AllGestureWiimoteX__y_test.json,AllGestureWiimoteX,1SPtfCzsU7dOs50y8HRxkZIXHW4VE2B4A
AllGestureWiimoteX__y_train.json,AllGestureWiimoteX,1kbdPU7sj5gxPtw3goJmGm3ObsgnitHju
AllGestureWiimoteXImputed__X_test.json,AllGestureWiimoteXImputed,17CknZBM84ve8fAJRDqWmKdWWzLc6edOO
AllGestureWiimoteXImputed__X_train.json,AllGestureWiimoteXImputed,150qjK7dDNkWjXCYsB-Y-PKV-B6wEO1vC
AllGestureWiimoteXImputed__metadata.yaml,AllGestureWiimoteXImputed,1izFZiez8BR8PowBr_uL2yq47UEokAE37
AllGestureWiimoteXImputed__y_test.json,AllGestureWiimoteXImputed,1-Vo86p3ILMXWt-HG2WuFXE-LSCEuNVZa
AllGestureWiimoteXImputed__y_train.json,AllGestureWiimoteXImputed,1hMbqog9CLgcHlPoEn6s8WOAqKsJ_cviv
AllGestureWiimoteY__X_test.json,AllGestureWiimoteY,1enj3wiz4ZzVdyW2aUGVXGh1syx-7i2FR
AllGestureWiimoteY__X_train.json,AllGestureWiimoteY,1xuGCSJ0d_z6JaaOAUNZxqVGGbmkMU1Yw
AllGestureWiimoteY__metadata.yaml,AllGestureWiimoteY,1wIXlEe3W3xPadcOyr-jJJljdYRdUw6Kc
AllGestureWiimoteY__y_test.json,AllGestureWiimoteY,16ok095tAhldk-SSt2Ms8lPai_y9ZNkAL
AllGestureWiimoteY__y_train.json,AllGestureWiimoteY,1rLgmoi5DO1HWEfuDwhC2EPkGiWRq9-js
AllGestureWiimoteYImputed__X_test.json,AllGestureWiimoteYImputed,1U5WXEv7maY9iDIgPx1WEfUWX0nHBq3CA
AllGestureWiimoteYImputed__X_train.json,AllGestureWiimoteYImputed,1Ou3p0DRzvFw8HUfxjPNoqfm-PW3ESDzn
AllGestureWiimoteYImputed__metadata.yaml,AllGestureWiimoteYImputed,1rL-Of64KAhDoJiLqh9fbN1ZkrwWcqqYZ
AllGestureWiimoteYImputed__y_test.json,AllGestureWiimoteYImputed,1I64IyE-naYe4vTTzMJ_7zYSja07M9ivc
AllGestureWiimoteYImputed__y_train.json,AllGestureWiimoteYImputed,1G0YYKA15P8a9ljp_ZiL8KSbgWACDc4o2
AllGestureWiimoteZ__X_test.json,AllGestureWiimoteZ,1uEtO3gk1lN1vl8Cmr0j8l9PKfiFTxd30
AllGestureWiimoteZ__X_train.json,AllGestureWiimoteZ,1Js5vCFvdGGpBTh41v6k9iPYzeCypKpjR
AllGestureWiimoteZ__metadata.yaml,AllGestureWiimoteZ,1x-WSrVA8_OXf7uMXlYsWpSG1FNQu5pCA
AllGestureWiimoteZ__y_test.json,AllGestureWiimoteZ,1NaVTpJEDJWlF-SW2eD3KtiMWARe9XzZe
AllGestureWiimoteZ__y_train.json,AllGestureWiimoteZ,15GQ0y_5e4aY4SUX-Sxa-ZXHVGyf-aHM6
AllGestureWiimoteZImputed__X_test.json,AllGestureWiimoteZImputed,1NtpKqUGFdzwahaePw3WFR-wg7j1f_Q4D
AllGestureWiimoteZImputed__X_train.json,AllGestureWiimoteZImputed,1_LJ98o777aVlLMePaUY9ovykxtAMBlGh
AllGestureWiimoteZImputed__metadata.yaml,AllGestureWiimoteZImputed,1ON2Wn6XPsHfk1jZh0o0gxizU_9mOqOJh
AllGestureWiimoteZImputed__y_test.json,AllGestureWiimoteZImputed,17UW9YTxKEC-Qbolnkb3RM3TDXZ-_psId
AllGestureWiimoteZImputed__y_train.json,AllGestureWiimoteZImputed,1UUVjvAyZY1U0Alas7N3UpEnqOZdpsvfS
AppliancesEnergy__X_test.json,AppliancesEnergy,1JPoDWscm7i3cRH73J_5DR4D8VBeRKizG
AppliancesEnergy__X_train.json,AppliancesEnergy,12uevMgzyDhxYdnZRSn7PTMppf_Zxkjai
AppliancesEnergy__metadata.yaml,AppliancesEnergy,1_UuRPoYJKKeMc9OjlrWpTg1fpkDQSyaZ
AppliancesEnergy__y_test.json,AppliancesEnergy,14tHDtBxRFtcpT7fliJFvEeXMcKFP3Zd3
AppliancesEnergy__y_train.json,AppliancesEnergy,1oCJY9ZCJCmJT9BN-Q6GnFtf7A7ZdCIzb
ArrowHead__X_test.json,ArrowHead,18YkOwpzU9UvbXJeyA68Jk82LsbIBqrwf
ArrowHead__X_train.json,ArrowHead,11KdWY26kNUZ3RWls74gzKG-CO4lpQoHK
ArrowHead__metadata.yaml,ArrowHead,18GvrTIlNNGca6nS33KkwvZwHK9PK5L9E
ArrowHead__y_test.json,ArrowHead,1Z2F39dWbqfTmvPWTZ4lRhJyi74ezKXBw
ArrowHead__y_train.json,ArrowHead,1Iqeb4kimw24eLzV3VN3_rTnxZlAYP28V
ArticularyWordRecognition__X_test.json,ArticularyWordRecognition,1hW7FdU9bZH4HktbrwfrJnarX4uQio7vP
ArticularyWordRecognition__X_train.json,ArticularyWordRecognition,1r8OMHYYlT8pnl2XTayPR9xzMDkjUwQ_f
ArticularyWordRecognition__metadata.yaml,ArticularyWordRecognition,1Fznr-KCOoIcpjDlZGPdQ-InAPOkIrdFL
ArticularyWordRecognition__y_test.json,ArticularyWordRecognition,1SYS79UB0idXH7csNKVFKfsW9L9kBcKK7
ArticularyWordRecognition__y_train.json,ArticularyWordRecognition,1YVqJR4cyEwgMBgMHdN2F4aNvTlMlYGL2
AtrialFibrillation__X_test.json,AtrialFibrillation,1_INiDn93qa_MYjbpiC8o4WSrqQFAbyoQ
AtrialFibrillation__X_train.json,AtrialFibrillation,15mK4g_au0ZZl0Ole6gsGr7vGMJQb4RzY
AtrialFibrillation__metadata.yaml,AtrialFibrillation,1IhSlG38LtAqjP1xhRDW5pV6KbKCP-zA2
AtrialFibrillation__y_test.json,AtrialFibrillation,1qKlJDs2kTnpOQUPV68gbw0E3kUybwqX7
AtrialFibrillation__y_train.json,AtrialFibrillation,1jDByvqOpIvv2lcGlry--O4IEBmMSIuv1
AustraliaRainfall__X_test.json,AustraliaRainfall,13mLGLmmW9ma9h9_LqDUzJh2YMNI1eT1p
AustraliaRainfall__X_train.json,AustraliaRainfall,1HLlsBxIQlwDB61QTgtDyS_AWumBbr-oV
AustraliaRainfall__metadata.yaml,AustraliaRainfall,1O5xIJ_LGiRMkP2LSFnQc9k9r6QZd1iIX
AustraliaRainfall__y_test.json,AustraliaRainfall,1R9LJElxj7c1fDHktWdPKpVsRyCkuGHEe
AustraliaRainfall__y_train.json,AustraliaRainfall,1K5yW6hZFAubyfXMMFn0cE4WikA-kLZ9B
AustralianElectricityDemand__X.json,AustralianElectricityDemand,1CrxAjSRbyJVHwUZTR9I_Dn1GU9d5dnHI
AustralianElectricityDemand__Y.json,AustralianElectricityDemand,1Bj1zMt_1J0KjSXiYbFJ_l1IhwB19Oo0p
AustralianElectricityDemand__metadata.yaml,AustralianElectricityDemand,1WZkuRsc2OIumeyAVucETJLxVxJu1pepP
BIDMC32HR__X_test.json,BIDMC32HR,1Cxla2J6JlK9eM0-UdbMXttrevBmBtwSg
BIDMC32HR__X_train.json,BIDMC32HR,1hlN0MOOjfbCA01YI08joNzoiHZCGoAQj
BIDMC32HR__metadata.yaml,BIDMC32HR,1y0l2arf0tmEGCuZemB617GVaXssQehsz
BIDMC32HR__y_test.json,BIDMC32HR,14QLDpnOFCq6w1zdhDmdqEqSH4FRbgMr0
BIDMC32HR__y_train.json,BIDMC32HR,1fBvH0kpX6lQ426uisGacTqaihcpHsVZa
BIDMC32RR__X_test.json,BIDMC32RR,1ob96uM4cRFtxT4Bamg_A7P-LOPkB7bwJ
BIDMC32RR__X_train.json,BIDMC32RR,1JByrduCuMyXz-raHdl5df3yJ2W38BTPq
BIDMC32RR__metadata.yaml,BIDMC32RR,1b7QERWtZSZQDchyydlGChgXz6B3CN_nQ
BIDMC32RR__y_test.json,BIDMC32RR,1Ym9wcjiqw_BPSdfYzIQzAc-2xvKxsvwY
BIDMC32RR__y_train.json,BIDMC32RR,10XANDEoj8jZzIfIoRp-P47oZMGEAvVwo
BIDMC32SpO2__X_test.json,BIDMC32SpO2,1ajdJZ5Ny9jswh-hDrYcNsghp7zWwe7-D
BIDMC32SpO2__X_train.json,BIDMC32SpO2,175ztNBL8VXbgkB9Iyv82HHo8a4ywgK6F
BIDMC32SpO2__metadata.yaml,BIDMC32SpO2,1GZRVzt-WF7tNUi9u72Rt33_9mWqqG8fc
BIDMC32SpO2__y_test.json,BIDMC32SpO2,1XsLcx1_2JhlfhUPSVAjPwKeu_CHmhmF-
BIDMC32SpO2__y_train.json,BIDMC32SpO2,18Jci0ypUX4lNVzk_FYzY_4Lleu2t7vAX
BME__X_test.json,BME,1hqg2l57NVJc0im5EnIVfAnJ6mgb3slb3
BME__X_train.json,BME,1IK_TeP_0k81fXNckRlMdZAXpo2RIW8Hm
BME__metadata.yaml,BME,15oH26rEK8bi4heT1IuEhW-cLydJ-iFhn
BME__y_test.json,BME,1MJij6q0M5Jzbzf2ltmTMxVz7WbHmUU4U
BME__y_train.json,BME,1AFdq3sgjFLDz2MuNQACY48fN7obIMmWN
BasicMotions__X_test.json,BasicMotions,1SwX7fVoG4ScyMDxUkOfNU7C_TmtlK0Xf
BasicMotions__X_train.json,BasicMotions,1ToEI7iW7Pr_O3SsPYTm6yj2OvMPIqHJ4
BasicMotions__metadata.yaml,BasicMotions,1OKCKOcLEKhrQ7c3fI6G632nmR0yGszP4
BasicMotions__y_test.json,BasicMotions,1s0BAthablUepRe5AtTdbhWx2s-Re5rGV
BasicMotions__y_train.json,BasicMotions,1wZvQzASviCEo0vJ0X5-x0_05iClspcmB
Beef__X_test.json,Beef,1bqdmWaBMMcJHQh4e1mqI1AjTePOQHkzc
Beef__X_train.json,Beef,1FU03jjIMiDHhnIaxiSEsqzgNmiMiStkJ
Beef__metadata.yaml,Beef,1zmnFcZHj-f1ECtso4P62Y8_Er6ks8V31
Beef__y_test.json,Beef,1Q8RjRB44BBJsl4DvYAtNgnf0pa5QFOFC
Beef__y_train.json,Beef,1ajFB0ETr0JDATjY6To5odViVH-OWGRKj
BeetleFly__X_test.json,BeetleFly,1yuoGtSnTPUnQXzfSgtrkYSfU1jjutiVC
BeetleFly__X_train.json,BeetleFly,1pL2Hpd_TnQvofosfo6xhseO-q3O9vMJP
BeetleFly__metadata.yaml,BeetleFly,1Gqeg6TnQ0yTQjZ6at4CnKUwWNh72yWlm
BeetleFly__y_test.json,BeetleFly,1prI69x_AKwv4z2VdJ5w6Diroq6b1-AIu
BeetleFly__y_train.json,BeetleFly,1f8oJkV5emdYTzfXhR_Svm8RIJf6zco8Z
BeijingPM10Quality__X_test.json,BeijingPM10Quality,1RkXxXAH_qOTqF6jb-VdHMMJMblHBdVnG
BeijingPM10Quality__X_train.json,BeijingPM10Quality,1oAt5Z7GyPpSOhUw3dXJHht3sWL7N5Ole
BeijingPM10Quality__metadata.yaml,BeijingPM10Quality,1HRHii0zeFyiasM9hUky-rUHRSJvo7odR
BeijingPM10Quality__y_test.json,BeijingPM10Quality,16YrpMT037W2NEDDYO0Bc0Q5tyq4xtFsP
BeijingPM10Quality__y_train.json,BeijingPM10Quality,1LJpYHCEHd3zfL-2paP--wSZHC9ONnfUc
BeijingPM10QualityImputed__X_test.json,BeijingPM10QualityImputed,1Y6dEAikbY_aOUFwT781rIP8Vg6bCDWMZ
BeijingPM10QualityImputed__X_train.json,BeijingPM10QualityImputed,1Xw2anxOx6Tw4Az466II3j-PMv9sKSlI8
BeijingPM10QualityImputed__metadata.yaml,BeijingPM10QualityImputed,1-1to1VxNE7UZIuDyVJKk2VlKMpJ-bqOj
BeijingPM10QualityImputed__y_test.json,BeijingPM10QualityImputed,1PDj8c-8vwdmyh05xQuo6Y22icKWW6Om4
BeijingPM10QualityImputed__y_train.json,BeijingPM10QualityImputed,1y5YVOR_LHf4mCnGDoYiJosZzOWdT-qC0
BeijingPM25Quality__X_test.json,BeijingPM25Quality,1aXkMbIRAbkdYtFxQgXya5JzYAFQi6zho
BeijingPM25Quality__X_train.json,BeijingPM25Quality,1vWOaL4GLZkN76XsfsZLjdvREh7A7QGR3
BeijingPM25Quality__metadata.yaml,BeijingPM25Quality,1bSaZ0ZQtzZEgUmhI4tPOhv1ILWSJ01AX
BeijingPM25Quality__y_test.json,BeijingPM25Quality,1J--S73nUN4_XSAMZQftBRB7Pmfn8EJp_
BeijingPM25Quality__y_train.json,BeijingPM25Quality,1eOom4nma-IN4GkUCbW4dpXE_Hq98C25T
BeijingPM25QualityImputed__X_test.json,BeijingPM25QualityImputed,19DJu_dvnAceqUaBwuTLd-7JLdQVnvw-o
BeijingPM25QualityImputed__X_train.json,BeijingPM25QualityImputed,19KsvShrPKJUDjLj8pmYYpgXyag1GnONW
BeijingPM25QualityImputed__metadata.yaml,BeijingPM25QualityImputed,1ETWJQJbx6cYqE5sj6XhC03Se22u6ltyJ
BeijingPM25QualityImputed__y_test.json,BeijingPM25QualityImputed,1JsTkBTCgM2-s0u5PslDySUiMcMTluQH0
BeijingPM25QualityImputed__y_train.json,BeijingPM25QualityImputed,1X404GJlUMqD_vhmNx5MpabR71WMRCA3_
BenzeneConcentration__X_test.json,BenzeneConcentration,1n0113rYkNKu_DeINwGQk6GlcuhVzR00v
BenzeneConcentration__X_train.json,BenzeneConcentration,15IRods9wPkAXN4dhZDOjVrrQuVFGB66D
BenzeneConcentration__metadata.yaml,BenzeneConcentration,1Wdy77WmcdLMKscSuvlvdUBs_hgjkkAxG
BenzeneConcentration__y_test.json,BenzeneConcentration,16YwOl49NTR6LOMnfyaNrVPyYGz4iRAlm
BenzeneConcentration__y_train.json,BenzeneConcentration,1FT1FdfI-2eAK1CPbz0ZEmAsG-5eQPOlm
BenzeneConcentrationImputed__X_test.json,BenzeneConcentrationImputed,1u-nk9uc5pnR3DemzzlUXbe3QX2LLLmly
BenzeneConcentrationImputed__X_train.json,BenzeneConcentrationImputed,1XFtEktt7iXjzp1ebYfm1sHNpy9yImP3o
BenzeneConcentrationImputed__metadata.yaml,BenzeneConcentrationImputed,1yo5Z7RkwkzoqXGtqOOsovOp3HsdiTX-I
BenzeneConcentrationImputed__y_test.json,BenzeneConcentrationImputed,1d7NoKoODFNNHCY7I3ZMmKq1Loh50NcdN
BenzeneConcentrationImputed__y_train.json,BenzeneConcentrationImputed,1WLa9FW5KMnJD2pLCHDwRiS3BuDrCBz8y
BirdChicken__X_test.json,BirdChicken,1sa5hKtjUp-uPR7kZYGMKbgL8D2uwoVNT
BirdChicken__X_train.json,BirdChicken,1x70rEeShVXQRRLLPiy07qHGD20ewTF8p
BirdChicken__metadata.yaml,BirdChicken,18WlqZUiUazKccUm4XetmclEvum0SvPzU
BirdChicken__y_test.json,BirdChicken,1Zge96AuRKfJhr6pMky4wQwEtU6rr5Sy7
BirdChicken__y_train.json,BirdChicken,1I9n8c81pF7IdQtr1Y21VjE8tAbdmtZyS
Bitcoin__X.json,Bitcoin,16UjGO0kClKmj3bljPJ_z80U4x0RJISL_
Bitcoin__Y.json,Bitcoin,1GgGm_DFrXRex2LHZ-zNEiMqLOMKZc9vP
Bitcoin__metadata.yaml,Bitcoin,1KtFsYiUJFk8LJX52Qdj2cw0nIRm9BFn-
BitcoinImputed__X.json,BitcoinImputed,18A-uK0_uSOgl4pxnhJNPzbDR5Kv2cSEw
BitcoinImputed__Y.json,BitcoinImputed,1R1E11Ay86hid8_pndCyvrU60vMlGCfRY
BitcoinImputed__metadata.yaml,BitcoinImputed,1e4wxy1XBNyRqTyJnKdfl6LlGS8YrEEk1
CBF__X_test.json,CBF,1ctNA-omCJPzNANKdEN99a0L3F2VoXmMK
CBF__X_train.json,CBF,1JCyx0APpghDIL9zbtA1kq2XKZlnxyj7S
CBF__metadata.yaml,CBF,1376NbNbDreeEupieOAU_v3tYufWZlHsm
CBF__y_test.json,CBF,1vb_PACO4nECKLJ10AdOyml4DVQCUqQcM
CBF__y_train.json,CBF,14YcdqTNvy0yUIG05v33qVVJyaw4Hj3PP
Car__X_test.json,Car,1nQd729-mEkQ3PHZSVDdlv-1GBzC3NIXJ
Car__X_train.json,Car,1uWdYLMEnkLLEhYfbbrkCOEniVugLrWeu
Car__metadata.yaml,Car,1fLHX6IKGAvjCIp3-6RRdr80xbZMX6Tsf
Car__y_test.json,Car,1CopxfvGs75oXtkmKuoOtXPB02nBAXUWF
Car__y_train.json,Car,1YCS1CLmVtzNQ9B-p6KzPMpdMDeQsVo4L
CarParts__X.json,CarParts,1oJBOGq1-40IQap6aBMSS2ayHxhTiUMP8
CarParts__Y.json,CarParts,1P45iCPIczhm-keDoFTZDNik-mkAZQH6j
CarParts__metadata.yaml,CarParts,13Wkce1M7L50qwOofC66sJtnpb947oPlv
CarPartsImputed__X.json,CarPartsImputed,1pOrdYfrDkegd9ZgWjeDc_Z7UT0-T5rm0
CarPartsImputed__Y.json,CarPartsImputed,1lpoDCkQ9n89EMT20SSjiOe-aVH1l4Ooy
CarPartsImputed__metadata.yaml,CarPartsImputed,1-ubwIYIbk3j8xqLQOQv530kBC4mKj7rr
CharacterTrajectories__X_test.json,CharacterTrajectories,1l3eQxLUcEmnamzBixGGYpGb6WgccjFWV
CharacterTrajectories__X_train.json,CharacterTrajectories,113umiHUg5OnH8bY7HyI2J-Vx862MceY7
CharacterTrajectories__metadata.yaml,CharacterTrajectories,1ZXP7GpTcZ1sU5CaVgi27yoKpIM53nAU9
CharacterTrajectories__y_test.json,CharacterTrajectories,197bEFBsr24LtkKFIT4doi3WVYxRhmocs
CharacterTrajectories__y_train.json,CharacterTrajectories,1s5ZBi2bovPC37jsDuTmHKMCpuZ-tum7G
CharacterTrajectoriesImputed__X_test.json,CharacterTrajectoriesImputed,1TlGGw3FQmRfRMPQGvsMprYqBVmn5BXLP
CharacterTrajectoriesImputed__X_train.json,CharacterTrajectoriesImputed,1ZKyeLo2AeWf_hRNQ__F_WY8d1mmJERBo
CharacterTrajectoriesImputed__metadata.yaml,CharacterTrajectoriesImputed,13DOj-bzSIuVxkwIeOkwXzqXQ_kGB7EDi
CharacterTrajectoriesImputed__y_test.json,CharacterTrajectoriesImputed,1sJkaGXGc8Z0iXdABcBQF18IsSoYJeuD4
CharacterTrajectoriesImputed__y_train.json,CharacterTrajectoriesImputed,1_mBgJb0jbACiS2Hbe--xhRkj6midM_kI
Chinatown__X_test.json,Chinatown,1U0bDH_eOuplE5YeUCN0suKQdP6MfPQqo
Chinatown__X_train.json,Chinatown,1cX_bnfqM-ReUGDF_Qo9exzK1NJLHQIIv
Chinatown__metadata.yaml,Chinatown,1FO-M6CqhCatuGU-z7qRnUExxO172EM_e
Chinatown__y_test.json,Chinatown,1zv-0SMvzUx00O0xXgPiJ_61Z9fLfLy0I
Chinatown__y_train.json,Chinatown,1BDSt_gVeuuaPHH1O9DCSh1NNMgevnah0
ChlorineConcentration__X_test.json,ChlorineConcentration,14ncruMyVX88E18f0WhtrON3h8AJZTcvF
ChlorineConcentration__X_train.json,ChlorineConcentration,1gMtmTadz9mBcNuLnZkRAayTltv0Aki9O
ChlorineConcentration__metadata.yaml,ChlorineConcentration,1NMYyswBTMlMSvAR6LfKyBE9lf97L2gBu
ChlorineConcentration__y_test.json,ChlorineConcentration,1RZrQE2rn1K0Ls3EPUrZS__KDnrfgW1Tl
ChlorineConcentration__y_train.json,ChlorineConcentration,1MRfFeVbMgi_--yW-qT1B43brmIr7Xfbn
Cif2016__X.json,Cif2016,1rytTGEd5dPaXwjul3Awe4OLoAEDy8IAS
Cif2016__Y.json,Cif2016,1KmL3Gp4IK_4HSgLx7s-wGVIkEOiN4K0-
Cif2016__metadata.yaml,Cif2016,1nsKrdxGFa9gZ312m4o35dvts9hfxaRMj
CinCECGTorso__X_test.json,CinCECGTorso,1hYyY5Q-PlLzFifr31H6W-nzpY1qcB2v_
CinCECGTorso__X_train.json,CinCECGTorso,1QBW9Pm2b_gnv3aZFuQwPL8WYj7pexdFY
CinCECGTorso__metadata.yaml,CinCECGTorso,1xU2fJEaWOaivqIjfVkq0O_rrB8151znC
CinCECGTorso__y_test.json,CinCECGTorso,1qjmoyEOS5BbVsJy6Gdlp_0bdh4w-5uJL
CinCECGTorso__y_train.json,CinCECGTorso,15iEIZkdkeTyUHkEtrro0rC456471AfSR
Coffee__X_test.json,Coffee,1MyrR5y-tu04RSWKJ2rfBTJaCoxRikPJN
Coffee__X_train.json,Coffee,1l5nanHZhzsPxNFLR9fgvkNdTDWa3ivBV
Coffee__metadata.yaml,Coffee,1aOhPzqnJ2ji4yU2sxq0xgezNOm3LFt-E
Coffee__y_test.json,Coffee,1OsbpNpCZWXMY8acfERO9ckycEHCGJG0t
Coffee__y_train.json,Coffee,1in0pIUsgCdJ9xlnSWDJNwDqk1-JIwnWe
Computers__X_test.json,Computers,17ZIYXuCQTjvucqBHoVODgMRt8EPLEJUa
Computers__X_train.json,Computers,1BR_X4WZrllDtWOMAkBovl2BN7sJSX_rl
Computers__metadata.yaml,Computers,1XWJeNAO0aBwUVSbrMhq59GvZPhyh_QqH
Computers__y_test.json,Computers,1JvtvTmJ_92wHG0YoNyPsDigrxmkTp_Cd
Computers__y_train.json,Computers,1jtP1QvKYkH-5ajxFXHOVyHXhVKrXIQ47
Covid3Month__X_test.json,Covid3Month,1uf_gpAINF0MZEogBhI91OOVV9gkw1Uek
Covid3Month__X_train.json,Covid3Month,1u0hRDY85vum6YbV-_Hlpl0Aqqr8AYf7q
Covid3Month__metadata.yaml,Covid3Month,1Y8b0qlIcUPhE4i83XI9v0js2XGyYiyCk
Covid3Month__y_test.json,Covid3Month,1lBo2tdS_jgzCFxg7uaNguuO5OP-SMXQ0
Covid3Month__y_train.json,Covid3Month,1Cad0s3Jq4fKCVHNWfYnJNk3-le42C6oR
CovidDeaths__X.json,CovidDeaths,19WuTyIsShgq6UYUW-leByHsQzi7nwLYR
CovidDeaths__Y.json,CovidDeaths,1zyT3I7OCAt7hCI6VBaHd6yxsPJly0g-F
CovidDeaths__metadata.yaml,CovidDeaths,1_Rtydtwxpp9OvDy8xfSnnqZQASAWKC27
CovidMobility__X.json,CovidMobility,1WrjK-r5-_388-m47DzwZ6iUamJ4lbz7v
CovidMobility__Y.json,CovidMobility,1phgqseD2hXnaz7nQMD4WUh524nww0l6l
CovidMobility__metadata.yaml,CovidMobility,1lgkiYtAJv83Pa7mVIhQV44VS4pFVs3hV
CovidMobilityImputed__X.json,CovidMobilityImputed,1Lc53O2kvbxM9FdUe3KLq0UW5WR8oGnzF
CovidMobilityImputed__Y.json,CovidMobilityImputed,14UZHVvaNXj_1hb14esCRNqgGhYA7IUxu
CovidMobilityImputed__metadata.yaml,CovidMobilityImputed,1znXD5kNoqvCPfvy8hUnEvcQdlU_eaTEa
Cricket__X_test.json,Cricket,1qowkj7pP9GXMFH0tPWH5EMyDw8NSzVX8
Cricket__X_train.json,Cricket,1FFZFLawYbjlMYjj34ifw38Q8awpvYCFn
Cricket__metadata.yaml,Cricket,1liXYUKJZLgLKCsKOX3HlgphYvwUxvtfl
Cricket__y_test.json,Cricket,13dl85_3ncAixzLZL2aNRcBDZuSx3hToj
Cricket__y_train.json,Cricket,1MLnBAcWqgWJc9d0Bb5B1VY6NmV0HOxdd
CricketX__X_test.json,CricketX,1gKPZJHyfI9Bo5q4GBY-SRG30JDEub6Ao
CricketX__X_train.json,CricketX,1AF9Z_m-UN-mjaHJ_anLqIIQTgegbcJJL
CricketX__metadata.yaml,CricketX,1lixQ-OxdEXIbfTuURaxQZC5Q2wqm7zQF
CricketX__y_test.json,CricketX,1hbh2POajRDBPltS3XwRKlPJnfyHbJ15m
CricketX__y_train.json,CricketX,1Bq9wogsI3NYuPMbNkUzL00w_D9d5NOYy
CricketY__X_test.json,CricketY,1TBiy3SLO7jiw8t2S66AqC1vlAbzzKnlv
CricketY__X_train.json,CricketY,1QcoUx7-7SEiaok-_2uFuNLviu5-xqXoJ
CricketY__metadata.yaml,CricketY,1rTq4feN0GLGgxsESjTCdmGhC_szIIOzJ
CricketY__y_test.json,CricketY,1232CCBAfvstmHb7O7NVbUo1S0gbNRfwH
CricketY__y_train.json,CricketY,1cq0l0tv6gSe8RTw8pujoIGyy6XxYL-KZ
CricketZ__X_test.json,CricketZ,1hc3d_bup_HDoztYQTnQcAPz4qngfxyuy
CricketZ__X_train.json,CricketZ,1Z0F_8YnbYfaJrw7e_fPGCoRjijkOS36Z
CricketZ__metadata.yaml,CricketZ,1DuEgw6kLc8_rQYK1exfNA323dc56H1at
CricketZ__y_test.json,CricketZ,13gINoltuHq6NOoXdBeGRPeUaK0OYJcd3
CricketZ__y_train.json,CricketZ,13klZ8xoJcHWrn1jAiWfOwKKWEidqpTXu
Crop__X_test.json,Crop,1yQmq0I7aNcdjAV-nAUNjUtMcNAFWBmx1
Crop__X_train.json,Crop,1OJVssZNO7FKYaE6lCVJyaKMlsA1tBIsU
Crop__metadata.yaml,Crop,1mUunjSvX2JVjYV0v6iQl_-tSBbsApNyh
Crop__y_test.json,Crop,1jhB3LsENsoVbZzsoQgX94xDT1WFd_WA6
Crop__y_train.json,Crop,1JF4bU5qa0ZBDkhtaeUqxITyygrYSMm_q
DiatomSizeReduction__X_test.json,DiatomSizeReduction,1-VTIiuClGiQS8F-_EoWa1E9AI0ZwC312
DiatomSizeReduction__X_train.json,DiatomSizeReduction,1F1n0cUQPWBUQPj_KWgN0xH8ZbEb2VqyZ
DiatomSizeReduction__metadata.yaml,DiatomSizeReduction,1lah_GyWrOnAXKX78cBs5oGq1ZWqbynoq
DiatomSizeReduction__y_test.json,DiatomSizeReduction,1wegBsGWA0McziSbv6gNsZWGr2ry8zZjM
DiatomSizeReduction__y_train.json,DiatomSizeReduction,13jtE7PQ0iatdKocWOylNzUXlz_QE0H0r
DistalPhalanxOutlineAgeGroup__X_test.json,DistalPhalanxOutlineAgeGroup,1ng9tvCbdV4KMV9PQa1XUh4oaWiEYAGNP
DistalPhalanxOutlineAgeGroup__X_train.json,DistalPhalanxOutlineAgeGroup,1ybbB0n1bvqstZu8e-_Vr2KNNvosxT62g
DistalPhalanxOutlineAgeGroup__metadata.yaml,DistalPhalanxOutlineAgeGroup,19y_s6am4ocj8h6XMXLbhYCXfMtwBTmKU
DistalPhalanxOutlineAgeGroup__y_test.json,DistalPhalanxOutlineAgeGroup,1oXcbXxx8sgro-gBLgXCxboJweXHFbjcl
DistalPhalanxOutlineAgeGroup__y_train.json,DistalPhalanxOutlineAgeGroup,1OK3sfZ_8LXyVjH3SIWxbBgtVoCzm1ICt
DistalPhalanxOutlineCorrect__X_test.json,DistalPhalanxOutlineCorrect,1YoSv2UOl-djouVQdxKultdniwXURZvew
DistalPhalanxOutlineCorrect__X_train.json,DistalPhalanxOutlineCorrect,1w2KaREsyIig6O1rGIXyWlUGjC8d3tCdI
DistalPhalanxOutlineCorrect__metadata.yaml,DistalPhalanxOutlineCorrect,1H1iYniZNH34Uk0UbZ5asW3qopWBa5MVD
DistalPhalanxOutlineCorrect__y_test.json,DistalPhalanxOutlineCorrect,15M7jgg9WlwcljABu_ydvk88wXH0l4su3
DistalPhalanxOutlineCorrect__y_train.json,DistalPhalanxOutlineCorrect,1ktpj9F0SqS2jVlhQHPODsX0AawZ03eZL
DistalPhalanxTW__X_test.json,DistalPhalanxTW,1NibCCla9qveLAfLDs4Tj2GxTg8iAkfK3
DistalPhalanxTW__X_train.json,DistalPhalanxTW,1eFzpeoc57ciqVMZbCXh-anRJR5Oj4duv
DistalPhalanxTW__metadata.yaml,DistalPhalanxTW,1WZRIZlNBAbJaVDtD7ecg4H7AtBEejY9K
DistalPhalanxTW__y_test.json,DistalPhalanxTW,1MjpsPAuuez1Odu7s-bfhWqQ7SfTKCcnU
DistalPhalanxTW__y_train.json,DistalPhalanxTW,1tVBVOLJPEo3MUDNB4v54xhxYUNWdsP4H
DodgerLoopDay__X_test.json,DodgerLoopDay,1VrRjaN3dd2S7RtCsEZx18c-Z7vV1JL90
DodgerLoopDay__X_train.json,DodgerLoopDay,1t0DDP0XndlB_b8vEKdVfYFKiw1GFagaT
DodgerLoopDay__metadata.yaml,DodgerLoopDay,1E1yBLkpPeq1kIMqbvbFN1ppVRo04HUcV
DodgerLoopDay__y_test.json,DodgerLoopDay,12jVzWVAlik_qRx23AwStRifdx2jrHJZO
DodgerLoopDay__y_train.json,DodgerLoopDay,1rhQt9mEGFHu-Lc12nosaFv5hnc4AMtBG
DodgerLoopDayImputed__X_test.json,DodgerLoopDayImputed,1UdFTxLqud8gMAkUqWQqcVmO2gqNp7T9Z
DodgerLoopDayImputed__X_train.json,DodgerLoopDayImputed,1HjILHHcxZVD8cDrKIuZ-iW6wdzJndGBj
DodgerLoopDayImputed__metadata.yaml,DodgerLoopDayImputed,1lgEvvU9ZBP-ckrjwFKA0nqGbBFeaLnUz
DodgerLoopDayImputed__y_test.json,DodgerLoopDayImputed,1EDxqxVucjFNR29REqg1oJa9ivKLEY9tO
DodgerLoopDayImputed__y_train.json,DodgerLoopDayImputed,1PBiOqT_UYYpaDDvuhnc0OVXgigkxmOJi
DodgerLoopGame__X_test.json,DodgerLoopGame,1fur-Zwhf9Y3nBgbVj8Qn-oh2Hx1IQZUm
DodgerLoopGame__X_train.json,DodgerLoopGame,1XkdWWC6ZUxIxrVC--R4SHDP2BrlPlDaC
DodgerLoopGame__metadata.yaml,DodgerLoopGame,1NK_XEAgOJreczhs1X9Ay1n5dz1CV3aA8
DodgerLoopGame__y_test.json,DodgerLoopGame,1tpzl8BstqLD5dcs36dVERvkZN0CQ9SBM
DodgerLoopGame__y_train.json,DodgerLoopGame,1VapKLGgvTcs4h8hDIOBFagBsTqtydPMT
DodgerLoopGameImputed__X_test.json,DodgerLoopGameImputed,15xeqm6JCNHr_dGk70_3HfVAX0kOk7_Mn
DodgerLoopGameImputed__X_train.json,DodgerLoopGameImputed,1wMgYI2xZ8VLRHCCajoPYdp-tljr6Z_Vy
DodgerLoopGameImputed__metadata.yaml,DodgerLoopGameImputed,1sj1BD97ECwnxrHkn_PzJj8eSgd9EbiYc
DodgerLoopGameImputed__y_test.json,DodgerLoopGameImputed,1BYonv0szuBxNtNVgn9UpE5nmAFbDtAU-
DodgerLoopGameImputed__y_train.json,DodgerLoopGameImputed,1uBd989pz458IMq7IJv7AzvNPU691QBtt
DodgerLoopWeekend__X_test.json,DodgerLoopWeekend,1dUkkOaokX2mNMLmbEzgzobP_8WJCjB8o
DodgerLoopWeekend__X_train.json,DodgerLoopWeekend,1f5aZ8Ff2tDroN9cSPEvylIrhiNnTtKGo
DodgerLoopWeekend__metadata.yaml,DodgerLoopWeekend,1somUdTsWduTqlOktVTor6F4Kj-sXmvG6
DodgerLoopWeekend__y_test.json,DodgerLoopWeekend,1QghoCppYx3kjdTvYAWldIlmkzM76W-XU
DodgerLoopWeekend__y_train.json,DodgerLoopWeekend,1_ICM9ouVi2isCQ-gZbnYWfVLXHCA_UPQ
DodgerLoopWeekendImputed__X_test.json,DodgerLoopWeekendImputed,1NIgB9FedEHXP9xBpgwfh7GmRGISERHXB
DodgerLoopWeekendImputed__X_train.json,DodgerLoopWeekendImputed,19ywEkBRfRM-N89vUb0JSK3V6sd4DejWY
DodgerLoopWeekendImputed__metadata.yaml,DodgerLoopWeekendImputed,1VllxI8JOFDLED7znlLvHE4A3eqfl37EA
DodgerLoopWeekendImputed__y_test.json,DodgerLoopWeekendImputed,1shsaT-MfeMmoMQSj7W7dWufM2UmNnfzW
DodgerLoopWeekendImputed__y_train.json,DodgerLoopWeekendImputed,1IE2QcoakrmVuRNXHZIdlkLUT7KUpv1Z4
Dominick__X.json,Dominick,12mseeWnj9iNf1iW0k7-5nwIGV1g-7_3D
Dominick__Y.json,Dominick,1YfFdTD3kQ_dyqqlSq8nTLxbuYq21XKPH
Dominick__metadata.yaml,Dominick,1RwTXUR241J0rWW9iMPUrjP96Z199O9NB
DuckDuckGeese__X_test.json,DuckDuckGeese,1Ndvaj5GCHdI0V6HIaG9TJb0EA7KfrZ6D
DuckDuckGeese__X_train.json,DuckDuckGeese,1VZ_vAODB431sS3bufMc98Egz-ZfLmlCz
DuckDuckGeese__metadata.yaml,DuckDuckGeese,1EV_qRYvgp12pDgxwtn2o0cGlB6d71Oo6
DuckDuckGeese__y_test.json,DuckDuckGeese,1ACx1EeVc0g9frEcDDaGuDxTH-2H3wmTO
DuckDuckGeese__y_train.json,DuckDuckGeese,1RAmmIYoInDPnWRSaU4lvrBRNrw1-REsd
ECG200__X_test.json,ECG200,1AfQb7wU6ERsOAGnC1SwPy3-ePCCAkEWn
ECG200__X_train.json,ECG200,1JPQe6S5wFLLzaV6gsO8i9ViJe3H3Sh_C
ECG200__metadata.yaml,ECG200,17g36gID1ZzODSs5cl7HT3p6fZvCbxDQ9
ECG200__y_test.json,ECG200,1q_kkHPD43bU4TkvEcxBtt941kOjD6M8_
ECG200__y_train.json,ECG200,1BCJ-dxVXW3TMr5Hc4cwt10KwjUdlRCU8
ECG5000__X_test.json,ECG5000,1OWtQyNbqYWzatwl2J-zJm15MXXqFD4Dc
ECG5000__X_train.json,ECG5000,1YGld1NNvFQ1ouuYr727tQk4cVzUxd9Q-
ECG5000__metadata.yaml,ECG5000,141D7druvmeqCo4TGhz2piHnxfRAToZCH
ECG5000__y_test.json,ECG5000,1odo7Pk_hxIK19Ksyxd40opm8ru8hEfnQ
ECG5000__y_train.json,ECG5000,1GUfondhP3cjcKPWn0-W3gVGCgsaUGDEw
ECGFiveDays__X_test.json,ECGFiveDays,1b-zCe5THpqelaiJYJIg8ERml6nlLMU2q
ECGFiveDays__X_train.json,ECGFiveDays,1zbDk06ESp6zL03Bu2nzRZs8rcELtxDdl
ECGFiveDays__metadata.yaml,ECGFiveDays,1ZqzYYz1LGPCg5YH8QOjvSbwA0--KUbRu
ECGFiveDays__y_test.json,ECGFiveDays,1-tM0KUTeZ5rCkq6fWjqKZpbYrmk7gPxN
ECGFiveDays__y_train.json,ECGFiveDays,17nyzDBYdA9fCi__UcMMXCTpHrIN-r2_3
EOGHorizontalSignal__X_test.json,EOGHorizontalSignal,1r0QgJBSTA7rSI-Ti8qe1xihVH37knHdi
EOGHorizontalSignal__X_train.json,EOGHorizontalSignal,1O26w8NA-tBL3gpwJ3vAHdJohEhVoiKna
EOGHorizontalSignal__metadata.yaml,EOGHorizontalSignal,1kyqA5BrYGCK7YRnwQil2rtIdDx1FJ9_4
EOGHorizontalSignal__y_test.json,EOGHorizontalSignal,1Ozpxnc8ye279l1TLI7Fz2wVZgFyUtFgJ
EOGHorizontalSignal__y_train.json,EOGHorizontalSignal,1uwfda1oaT9sw0lxXAotbRU8XKP0eWQ-L
EOGVerticalSignal__X_test.json,EOGVerticalSignal,1BgK6HRO1Gi12F1uTQNTFfcYsD97tX9ny
EOGVerticalSignal__X_train.json,EOGVerticalSignal,1znL2c5QOpmYcSM1XYcMb0tN_ROE18AAK
EOGVerticalSignal__metadata.yaml,EOGVerticalSignal,1T0-2sceZjpeAaNnF_djHulVBPk205GoJ
EOGVerticalSignal__y_test.json,EOGVerticalSignal,18xqSM-OxYFPZvWAZaMM6PFlKU_AYFJzN
EOGVerticalSignal__y_train.json,EOGVerticalSignal,1qO8DOlmV2TYVpsula6_n69j08YRKBfZR
ERing__X_test.json,ERing,19epw2LyV1jYilwdLWcS9VLrW0A4vHIsV
ERing__X_train.json,ERing,10XgUW2bDpoCKPqSQu4Ka7SprLzZiYQ6G
ERing__metadata.yaml,ERing,1HRWSz9wchfIa4BmXFyDhAwdaf2XgeIJQ
ERing__y_test.json,ERing,1vh4d6GuD_z-ERG7tA_rAXWLMLtjNButV
ERing__y_train.json,ERing,1Ob7ine66qUJgJTRFztV_QFGVBJTs92By
Earthquakes__X_test.json,Earthquakes,1QQkgSwhIDPgDgttEZGHNWgxgTXNiz7JK
Earthquakes__X_train.json,Earthquakes,1x_cp_qPqXf1jY-WDZSVROaFl9uhl8G8R
Earthquakes__metadata.yaml,Earthquakes,16FEYPA5DxS9nkLJ_xxBvcigi60aEohm6
Earthquakes__y_test.json,Earthquakes,10fYzxCtrN5pCsa4TL-tr7lcxLf0WkcoY
Earthquakes__y_train.json,Earthquakes,1mtYaLpbjtN7_J22U57e4Kg7N6c1Lfw9Y
EigenWorms__X_test.json,EigenWorms,1AbGAKU_IqmL-5QjBXK0OH33UwZS3oL6q
EigenWorms__X_train.json,EigenWorms,1VjoxjuAdlx2EmZ9mogUFfPLI2FaxUIUz
EigenWorms__metadata.yaml,EigenWorms,116MBrbFCBV2fjQTMrxzlKIZtDIDV-MiV
EigenWorms__y_test.json,EigenWorms,1FmrSuLzxMazke_71rUxYhbx5uwDmMLEI
EigenWorms__y_train.json,EigenWorms,1JZvljmlip1pN1tDVDYTRtaDDoe3T6Cg5
Elecdemand__X.json,Elecdemand,1vCWjnqoGGayUcMNPHiysQCcrV6Cr2kor
Elecdemand__Y.json,Elecdemand,1v8rVyxyvZUANx_uUSXR_16h98b6C9oLT
Elecdemand__metadata.yaml,Elecdemand,1m1TAFRL_takIINMGzpwgFKmKta9lf9C9
ElectricDevices__X_test.json,ElectricDevices,1HU6cUm5EC_flZloE8EKHab_yRLWtcjOT
ElectricDevices__X_train.json,ElectricDevices,1VfKqGepimPGYJPW0xBXbxxshHzbhtOw1
ElectricDevices__metadata.yaml,ElectricDevices,1YKEqN3Pk8xp-i1zInyhR2vPDEQV4roc1
ElectricDevices__y_test.json,ElectricDevices,1rAZn02K9-kkyaBqu6XY60cynLXAqhRSL
ElectricDevices__y_train.json,ElectricDevices,1EGmhaBYeuUaTQ3LwP2CaY4ArmwuW0Lp8
ElectricityHourly__X.json,ElectricityHourly,1mwMIxSYdvfHbeQuVwhfvYEW4cnWMTkch
ElectricityHourly__Y.json,ElectricityHourly,1_d1tWSUEUHsS4yrDceWpgavWZ2fz-Rpu
ElectricityHourly__metadata.yaml,ElectricityHourly,1gzuqkFdQy0PfB8W5b9AvJI2cJ4pt0Q5W
ElectricityWeekly__X.json,ElectricityWeekly,12wVw-C_WJd7-ksct2xTRfKjT7cM8vFdZ
ElectricityWeekly__Y.json,ElectricityWeekly,1U8difvMz-jqVoYNjmd6Dx5JiewNWZxDI
ElectricityWeekly__metadata.yaml,ElectricityWeekly,1MkH4vSCFngmi0GiUbxw6SH-qE1L3tutb
Epilepsy__X_test.json,Epilepsy,1phkjC3q2Beh9TG5pGRTAs4viJ7D8xi6S
Epilepsy__X_train.json,Epilepsy,1NA9EwrjCVXm6GAuVV4oj77Liq-XXBKIq
Epilepsy__metadata.yaml,Epilepsy,1BZyu1HtfahwFV7RvgP3xRfoMTBlHuK1P
Epilepsy__y_test.json,Epilepsy,1cnz1yIRCXKTD8ysg8-JHTYH8jVaAemow
Epilepsy__y_train.json,Epilepsy,1EKCTkDgHMggbRUsPc_MOSOtST6kwghRg
EthanolConcentration__X_test.json,EthanolConcentration,1XEXoLQxhexKfH-TmQFQihI8c1oxKzG2Y
EthanolConcentration__X_train.json,EthanolConcentration,1T0wmQw9raXc2PRMmLJHLGfW9mLazn_zW
EthanolConcentration__metadata.yaml,EthanolConcentration,1ul7fQylhT0zVoVQXKcEjr7MXIpdo95uB
EthanolConcentration__y_test.json,EthanolConcentration,1LkCVjdZ1z7uxzZPFrumJCw9nlvsVOwG3
EthanolConcentration__y_train.json,EthanolConcentration,1GZ3vX-wc61DQe9M91SD1ojQdZrlxYwLw
EthanolLevel__X_test.json,EthanolLevel,1KMNVmu8b6Vz3262en9wqOKm9HwGPt1z8
EthanolLevel__X_train.json,EthanolLevel,1hqQyVKqusoCo3DFioIlw-agwvmnT0u-5
EthanolLevel__metadata.yaml,EthanolLevel,1tKSUu11qTWA10lgn2s9uIh6KShoAXetL
EthanolLevel__y_test.json,EthanolLevel,1azR7aEAczVf4Tnmm_9pFQYIBvUxHWBQY
EthanolLevel__y_train.json,EthanolLevel,1uuJkZNJ0YlRtkNfV9ORjdmRuHKQRvQBn
FaceAll__X_test.json,FaceAll,1aFuzc_pOuIg6qumZl610kt7LjH82L9qF
FaceAll__X_train.json,FaceAll,1H7ccnPOX_8WCtvFZ4V3RyS8DmV-G4jZa
FaceAll__metadata.yaml,FaceAll,1AoyIRAgk1mjvxlJ5uvxZ6hVdtL6yQu0I
FaceAll__y_test.json,FaceAll,1rnMHUFpp2kVnlfuSuWxilUHJyxqI78_K
FaceAll__y_train.json,FaceAll,14aAJ5LP0Yrg3s2pSzmWICuj0hyKxyVsl
FaceDetection__X_test.json,FaceDetection,1Zy1QoFINFJ9nUM0pTpeUgrYG98rTDDDS
FaceDetection__X_train.json,FaceDetection,1y9Dys1jN68jl5Qoucpv9oeyV9tffVRuX
FaceDetection__metadata.yaml,FaceDetection,1AObzluwq_ccimVLIyVhla6jttL1nun1w
FaceDetection__y_test.json,FaceDetection,1K6OgtW7q7RNrtGyKBhze_KoTuPJLH9Ei
FaceDetection__y_train.json,FaceDetection,1Og9XkKuWPRao60abgj30RmgQ-5EGMJSq
FaceFour__X_test.json,FaceFour,1w4rxmJaXUqWn5eKbnFozPidUONUADFVr
FaceFour__X_train.json,FaceFour,1vCXcc6U5P0xmFIMoIAqAQJ1gbbb4NASO
FaceFour__metadata.yaml,FaceFour,1L8ILuXl3SFAbeC3LKOJ0e22sgzThDFsZ
FaceFour__y_test.json,FaceFour,1iorkeAyIx9x9ItRYmp5DlmOsXlYe9dPW
FaceFour__y_train.json,FaceFour,1gKni4bo6Mo7YR1zQR1RJRtqoo4ppikJ3
FacesUCR__X_test.json,FacesUCR,1VQCRLNwStMoHf-9nQezLXWEexjeYK5Lk
FacesUCR__X_train.json,FacesUCR,17P5zNVpjxXbymFFjgxkuxPiIPxOju_gQ
FacesUCR__metadata.yaml,FacesUCR,1wsfIUOhj2QV9bYthOqXFN6TDvU4F7ull
FacesUCR__y_test.json,FacesUCR,1l_kQ11AWT94iyiuwqyaNyKZx8kyAeKIm
FacesUCR__y_train.json,FacesUCR,1HO_76peoDToUPfljnJsqduwiGGLSX2NR
FiftyWords__X_test.json,FiftyWords,1bqpzoPg-Cq5yMXQnxij7NYYOF2Hmg6_j
FiftyWords__X_train.json,FiftyWords,1VcV0FkRKuHETKMNwPRA37ZPahJgCYaJk
FiftyWords__metadata.yaml,FiftyWords,1FLTVKltdqJDz_d4zV1SZH3pYOgGFtAHW
FiftyWords__y_test.json,FiftyWords,1p6UkemMN0kW3usDpFlGaYNKCMgv6tsCb
FiftyWords__y_train.json,FiftyWords,1je4EZjlGSQr1SXy9i9CAsw0PZOrKj8TC
FingerMovements__X_test.json,FingerMovements,1f3TInW2GVokSuqfwDT-W5qviZrmAkS06
FingerMovements__X_train.json,FingerMovements,1TPl_zTR-uBpLnt8wI0bpictBbjaaTK8Y
FingerMovements__metadata.yaml,FingerMovements,1N5qCRZTRf4iERHXp5k2alDxflsWs35xM
FingerMovements__y_test.json,FingerMovements,1O0pNTZhDsFXJJo-r9XGZLXnC9QHQg6Z6
FingerMovements__y_train.json,FingerMovements,1mfaW5WD-o1r3TZDe8TDzLVpb5ch2W09z
Fish__X_test.json,Fish,1v8N8mT-JHFbVaf8W7j_2ALsPYPNiOGmz
Fish__X_train.json,Fish,1URBdXAlNHTBQ1qeLrtXarE97wHTl8Kb-
Fish__metadata.yaml,Fish,11x7EwAdHZBn61nnsV1KQyLt7-mhZPoVe
Fish__y_test.json,Fish,1L-gG39gaNnOoCSU5Dl6VlZ_hNxQnJUok
Fish__y_train.json,Fish,1hD3JYyxrA4aKGLj1eN92BisPkqd4I4_X
FloodModeling1__X_test.json,FloodModeling1,1GwfXW5_iaWIeGBe1AUMzJbPZZSTdUut8
FloodModeling1__X_train.json,FloodModeling1,1VIhQ2Rew6olPfz85BXUYsfCiIzh3NMMN
FloodModeling1__metadata.yaml,FloodModeling1,1FjVDTJP1K16IM4suBTLURUqFeTPyw154
FloodModeling1__y_test.json,FloodModeling1,1YraUOPL-H68oJe5BOOlOg982yXUZdFW-
FloodModeling1__y_train.json,FloodModeling1,1uC29ljvv3VMgitMblw4cVFsl28kHQkvZ
FloodModeling2__X_test.json,FloodModeling2,1mrPkvWRNr0TODXWRCcroauSNqDl3WWOu
FloodModeling2__X_train.json,FloodModeling2,1pje-FTNoPfEUYBF-aOHwzcNzLcjci_kI
FloodModeling2__metadata.yaml,FloodModeling2,1cB6OvKJK-mxbl646-hwIPHyxaFLolUnj
FloodModeling2__y_test.json,FloodModeling2,1TPYVaKcuMTFcipOKK8bfbIJlLQo1IRDC
FloodModeling2__y_train.json,FloodModeling2,1RR8hk44ilblSDmIQnAimyM2ZuhFgoSgH
FloodModeling3__X_test.json,FloodModeling3,1A035UlriLR2e2gXafRJ1oV1jhOFRf9fV
FloodModeling3__X_train.json,FloodModeling3,1pZpwjlTvFQQXbKNJn_aNmXWTPcZV9TN2
FloodModeling3__metadata.yaml,FloodModeling3,1fT5yp4mA1s2dJgTcnCI_v1HLc0cwgZ_Q
FloodModeling3__y_test.json,FloodModeling3,1f1Oqk9yQap7dwhaZtFMlv9y58oJuTtNg
FloodModeling3__y_train.json,FloodModeling3,1X8POpoB1NcTFX6UD8GtyXdZEiUyxuyCD
FordA__X_test.json,FordA,11RMrbpc_i37LdTfMw6aEdJls9KfVSti3
FordA__X_train.json,FordA,1mGlGLNe0euz36N9b0nsPE_OkmAFyWC5v
FordA__metadata.yaml,FordA,1LS6v9llfQNAgRDx5b-uqPqZ9eMZ8KQQy
FordA__y_test.json,FordA,1Q55j9ZL0d5ay4cBDZfqYoFICKN7SodZM
FordA__y_train.json,FordA,18iGjtj8OLrSANDCfNkgH-F7a5TTDwua_
FordB__X_test.json,FordB,19UUBVtfXj7w7FsIZ5HW-Rtb8wFqIgGrU
FordB__X_train.json,FordB,1wzKESfRRLfZg6sznnBMXbQ3VMYogQO2Z
FordB__metadata.yaml,FordB,1lxQA4lcJYjLNRPIFr88TcpQHBeIQqkGC
FordB__y_test.json,FordB,1FvQwZIEimIUTzDluOEQN-rcjecI9yYZ0
FordB__y_train.json,FordB,1BLjqW8QYaR7k6VI0XVqhErMu9T7XWiY3
FredMd__X.json,FredMd,1LCaaZE8csNEJBCmU-5P5KfReJ2DzX0fg
FredMd__Y.json,FredMd,1x12kI5u9NOKtdXDIc0aPLgz5hvRdCIvU
FredMd__metadata.yaml,FredMd,1zIMwa9CjVh3EMxs2QibzXrkYpCIu8SRH
FreezerRegularTrain__X_test.json,FreezerRegularTrain,1SynneF_xkLDr2G0az7YSjDtb3CXmvFn3
FreezerRegularTrain__X_train.json,FreezerRegularTrain,1VS7MVXM6x9AcYiloLvBVUTRMxv0WvveE
FreezerRegularTrain__metadata.yaml,FreezerRegularTrain,1B3DT7h1SK--npX8MUzBRHQJGhfbbRPyM
FreezerRegularTrain__y_test.json,FreezerRegularTrain,1NZhlM4SXgluSjbbAiClVlSKPxmZ7283N
FreezerRegularTrain__y_train.json,FreezerRegularTrain,1Wbv4cGs4lch_uNlz5G88R-6HOBLeKhNO
FreezerSmallTrain__X_test.json,FreezerSmallTrain,1aTHSO5ZGGbAkA-uSy9_KsxSQGoNH9bvq
FreezerSmallTrain__X_train.json,FreezerSmallTrain,19VZH9GUzcZh_G2EN426J_2qUcC64AiIZ
FreezerSmallTrain__metadata.yaml,FreezerSmallTrain,1iDFGewwOQ2I4H6JreQRSFjfhSPVMqF-T
FreezerSmallTrain__y_test.json,FreezerSmallTrain,1xjyp9JNp2evNpObSA8JWoYjFePHge6fQ
FreezerSmallTrain__y_train.json,FreezerSmallTrain,1sYWlKptEFZm_-4UIEcnVpnun0Y2k8Ezk
Fungi__X_test.json,Fungi,1hdJao3WNzA83pxpD9p_7S_Zq4mezYqM4
Fungi__X_train.json,Fungi,1AeT8ftE4ThJ9iYGB61g-WKj5qqQL2dKE
Fungi__metadata.yaml,Fungi,1s8TxR6saSM81TS-pVpf3all0twNAbBwB
Fungi__y_test.json,Fungi,1BYBuyTpYKLdsJyv1T9sOYOEk1ZQY-LWn
Fungi__y_train.json,Fungi,1vCKu9m5FCi7pXVlEyTsr2hvrmeq05tFs
GestureMidAirD1__X_test.json,GestureMidAirD1,1oXDhE0vgoVc9ZdPnfMlXrm9pMPS7kF_r
GestureMidAirD1__X_train.json,GestureMidAirD1,1-8y1-jqlo1AOfpj_CDsvAI7oUO0NaboR
GestureMidAirD1__metadata.yaml,GestureMidAirD1,1LofeGOs799Lto8K33-lJr0LloccuXXoo
GestureMidAirD1__y_test.json,GestureMidAirD1,1Xd1FWsJ1PlQAGHeYTTxF6VvaLq5q87ix
GestureMidAirD1__y_train.json,GestureMidAirD1,1xrjOC3ow3mBKMGmwQkAZ9URrn82hXQpq
GestureMidAirD1Imputed__X_test.json,GestureMidAirD1Imputed,1ZI6HhQZyQAokKn1BvP1PjQljyCrDl09R
GestureMidAirD1Imputed__X_train.json,GestureMidAirD1Imputed,1fFwyOZhtowWWg66p2Nz5Rkhp5sGi_a4l
GestureMidAirD1Imputed__metadata.yaml,GestureMidAirD1Imputed,1t_BdP_eOoaCroq9EddynlamYanmvBqf3
GestureMidAirD1Imputed__y_test.json,GestureMidAirD1Imputed,1bnC47Uo43xYQ4zIB4dp72t1XzT2uMUP6
GestureMidAirD1Imputed__y_train.json,GestureMidAirD1Imputed,1Mit0Jz0nUA4ECc4M5q5UQdE57w4BQ4IV
GestureMidAirD2__X_test.json,GestureMidAirD2,1DFe6U4bMdeFPliqnFCIoPLX_Oo_L-qt2
GestureMidAirD2__X_train.json,GestureMidAirD2,1fUVbibXbyGNpjmipz4ounqfXnhqAA4HO
GestureMidAirD2__metadata.yaml,GestureMidAirD2,1tHLwtdIl6lYaA9NIwP9OeZGU4SKl8JP0
GestureMidAirD2__y_test.json,GestureMidAirD2,1hw5ZHT6--UhIr680iyy-QpaJqsxlXnWC
GestureMidAirD2__y_train.json,GestureMidAirD2,1KgzSxpB0rOm3-f9_JAozAg6VEy1vSBUm
GestureMidAirD2Imputed__X_test.json,GestureMidAirD2Imputed,1Ey9tw2ajv8ik-a8jBUFGe4htZ64pULJm
GestureMidAirD2Imputed__X_train.json,GestureMidAirD2Imputed,1jeSvLMGQpXIH4YcdShCRNrPK9UCgjyLd
GestureMidAirD2Imputed__metadata.yaml,GestureMidAirD2Imputed,1rAyiftSl86asOI_bb5S-2KlQ5DFykby6
GestureMidAirD2Imputed__y_test.json,GestureMidAirD2Imputed,1esUkYuySTiRmUtXtRcWzAnrypQQq9uUI
GestureMidAirD2Imputed__y_train.json,GestureMidAirD2Imputed,1dRMVO8TLkJkeRMOqYqd-NA-I5cVFT-Xy
GestureMidAirD3__X_test.json,GestureMidAirD3,13gQwwKP-exuauJ1SCkGd7yoJlsGEzKgS
GestureMidAirD3__X_train.json,GestureMidAirD3,1e0HtOGBbXbv-9LjrjLF0wwsg23kjIWn0
GestureMidAirD3__metadata.yaml,GestureMidAirD3,1giUq9S6wLyairOoefzA09k8HFpYzBxC7
GestureMidAirD3__y_test.json,GestureMidAirD3,12mV_2NlZvP0LA958XBnRlGWKgoT4QPh0
GestureMidAirD3__y_train.json,GestureMidAirD3,1_6XNjJo3JNNi4lD8M7ksgGEgRMNnD7AA
GestureMidAirD3Imputed__X_test.json,GestureMidAirD3Imputed,1yjklY476IhigkoDIIKF9arI5ZOQhZkuV
GestureMidAirD3Imputed__X_train.json,GestureMidAirD3Imputed,1PSEwbuJIGmXM59OEEIhfp1Iimq6crrAs
GestureMidAirD3Imputed__metadata.yaml,GestureMidAirD3Imputed,1gqP0sMWoEm1zDHo_EQdWvOzHmPf_1O50
GestureMidAirD3Imputed__y_test.json,GestureMidAirD3Imputed,16-ZGtl8vzMRFfCRnwdoCci0TRczKwKKn
GestureMidAirD3Imputed__y_train.json,GestureMidAirD3Imputed,1QS12OOwKlZ-4p99JuccWcoHqqJjA0lru
GesturePebbleZ1__X_test.json,GesturePebbleZ1,1yOrVp16k0QGTeYE--AnoDNDySFO9OipX
GesturePebbleZ1__X_train.json,GesturePebbleZ1,1bQ6C2sqDewvcesbg9aYFQuYLp4iudLD_
GesturePebbleZ1__metadata.yaml,GesturePebbleZ1,1pDti0V4rOhNbsdLL7UfidqKbNOlbrSgW
GesturePebbleZ1__y_test.json,GesturePebbleZ1,12SMzmf0VSfM9X3KhKNWh4629UT1XG-k0
GesturePebbleZ1__y_train.json,GesturePebbleZ1,1YzDpc27jxUdsdxLCvONKcgIZg4pKRGxN
GesturePebbleZ1Imputed__X_test.json,GesturePebbleZ1Imputed,1h7Csm8IwhsQyUDqvA7P6abxnSNceOglE
GesturePebbleZ1Imputed__X_train.json,GesturePebbleZ1Imputed,17jYowfPTptW6VM60nDCc0J4KP3df-sw_
GesturePebbleZ1Imputed__metadata.yaml,GesturePebbleZ1Imputed,1djhEnByoos7KqfTYTRywt425JiWNwQ1o
GesturePebbleZ1Imputed__y_test.json,GesturePebbleZ1Imputed,1iQ467xAvK-iDCHzUwPZKhk5e5NNNS9HY
GesturePebbleZ1Imputed__y_train.json,GesturePebbleZ1Imputed,1Rde1IQWYg209h3j5oHUJ6s7pHhJyO9Dq
GesturePebbleZ2__X_test.json,GesturePebbleZ2,1gMdgclGzY345BOqzs0OKLieQBLKl2Ao1
GesturePebbleZ2__X_train.json,GesturePebbleZ2,1FN2rl61QqLDpFMmChX4kxWTXMORu4QQ4
GesturePebbleZ2__metadata.yaml,GesturePebbleZ2,1WvSOaIeUVZ3nMPCNXLnndFs7slUA6YUM
GesturePebbleZ2__y_test.json,GesturePebbleZ2,1Nj-yOos0129K0N5eRB-w1GZRUSshafga
GesturePebbleZ2__y_train.json,GesturePebbleZ2,16ofZilmSEPDKszcDHisD6FdEwQGE43MW
GesturePebbleZ2Imputed__X_test.json,GesturePebbleZ2Imputed,11uNyPbfT43MU2iMexKQpiwLpvbezRrqo
GesturePebbleZ2Imputed__X_train.json,GesturePebbleZ2Imputed,10PZ4p57mpv6ELG64J33yGW3jVfTDmUJv
GesturePebbleZ2Imputed__metadata.yaml,GesturePebbleZ2Imputed,1NV9A5Yzo07jFQIs0665vXDpa9lXGu6Tt
GesturePebbleZ2Imputed__y_test.json,GesturePebbleZ2Imputed,1E3zPibCATedxqMjWf3zvjVoeWuj_qs51
GesturePebbleZ2Imputed__y_train.json,GesturePebbleZ2Imputed,18l00RXHNjBlXr4YV9rz6UT0jRjSFb0ro
GunPoint__X_test.json,GunPoint,1e56c7d71M0RteCiS_ELMYPaFHuZ5M9xz
GunPoint__X_train.json,GunPoint,1qz2TcN51ugGZIBNuA7lmN_wA3DAXl8Mv
GunPoint__metadata.yaml,GunPoint,1JqwTygCMoTpAPQtiN_zP9ri5oq4zNX3R
GunPoint__y_test.json,GunPoint,1rmkU94cVQHho1Qs1_lq91za5yIfh12cl
GunPoint__y_train.json,GunPoint,1e6q5Yfb26MamsFpyZLaO5Z0iwK2qKI7t
GunPointAgeSpan__X_test.json,GunPointAgeSpan,1802loHUjfkn0IjjQw50hlxTl2Qg5foXJ
GunPointAgeSpan__X_train.json,GunPointAgeSpan,1n1HuxSGbC8V_KJ4qTKraHrCekHan75p_
GunPointAgeSpan__metadata.yaml,GunPointAgeSpan,1bfwBtLVHm3GxH8dHFUJHChu87N6oxBEO
GunPointAgeSpan__y_test.json,GunPointAgeSpan,1R_jQ3mI8i6mg0up78jslUPfMIywvOFF1
GunPointAgeSpan__y_train.json,GunPointAgeSpan,1dsvreuNRTLvbnBCfUeLrTu5E0OoSHahI
GunPointMaleVersusFemale__X_test.json,GunPointMaleVersusFemale,1C70NyU5DOq5Ru924-hv4OkdTh4MBj36h
GunPointMaleVersusFemale__X_train.json,GunPointMaleVersusFemale,1WcGzMCHJY30ElLHVEdr46m9AaMHhGfcp
GunPointMaleVersusFemale__metadata.yaml,GunPointMaleVersusFemale,1g4vAHSDH05gR0cRPF9sXPS0qcieCfw1S
GunPointMaleVersusFemale__y_test.json,GunPointMaleVersusFemale,1KzZO3QQnTsmP5Qp2smGOUyxrTh-2oXl7
GunPointMaleVersusFemale__y_train.json,GunPointMaleVersusFemale,1-xwzXT9TXzYN7fyFkRbIkRUtSLt8ic9G
GunPointOldVersusYoung__X_test.json,GunPointOldVersusYoung,1CfCPj6xsLZU73xqcpdOnUm2lPlEHvLQ9
GunPointOldVersusYoung__X_train.json,GunPointOldVersusYoung,1xh_8LcDu8Ejje2-zx_x6WmZmHSrG4DV4
GunPointOldVersusYoung__metadata.yaml,GunPointOldVersusYoung,1xsISZqMa1BIA2ps7PRNUuhTRDqHd3VNe
GunPointOldVersusYoung__y_test.json,GunPointOldVersusYoung,1zdO6xADakdFy30UP92n4VT1ntBs27mHi
GunPointOldVersusYoung__y_train.json,GunPointOldVersusYoung,1S4Efcpi0x0g0-XGbxBkAXVgZ2guqJ-tV
Ham__X_test.json,Ham,1jgwIWxDO5CPnn4coxNnHu-OP9cGcsvf5
Ham__X_train.json,Ham,1RUm4q666EEkNu93CZbZeYzutBy6cKmWm
Ham__metadata.yaml,Ham,1Kdk9tbQZZ3DvCWUxtP5LEn7oPzIv14Ii
Ham__y_test.json,Ham,1gZNQuyIiNyHq7R_PdX187dXIKRdrAUpI
Ham__y_train.json,Ham,1sTV2-XYOAS7ovYnVWH7IpP4PWyksNH9_
HandMovementDirection__X_test.json,HandMovementDirection,1ayAMIPW0LpPyfRZOqjfJCfFTHYgIWjo1
HandMovementDirection__X_train.json,HandMovementDirection,1BjGfobYZFTMH1esgippIh8ZgvNdTFvR6
HandMovementDirection__metadata.yaml,HandMovementDirection,14IP-qbKu8mDtZw5LmRlSirkjgHJ8h3cE
HandMovementDirection__y_test.json,HandMovementDirection,1p_9nWoKZoQRpzKrYQu-xu8fzR66A-UZa
HandMovementDirection__y_train.json,HandMovementDirection,1YwwDe2NGXWXzsJ023v2M3oa7SunQYW5B
HandOutlines__X_test.json,HandOutlines,1m9gUkIv3FdTxN-pDQJ90_onBDFlrnWaV
HandOutlines__X_train.json,HandOutlines,1Bv22s7pMxzy7M4EqpmcKk53PRJmi7IN_
HandOutlines__metadata.yaml,HandOutlines,17TZqp0nccbTCATQVGtVUbkHyrSDrwpVk
HandOutlines__y_test.json,HandOutlines,1Y2k7NvWlh9nrNCNbuLWwVOuUwQbp4rB-
HandOutlines__y_train.json,HandOutlines,1TocyyUwYEKPx7BSiM0FQPW7Sdrxdk-mQ
Handwriting__X_test.json,Handwriting,1e5YOLEUHtnpplgUyHoxgLHlR-N811tmB
Handwriting__X_train.json,Handwriting,1MW7k3U-KoAYeC0GeP00wGMbLLmyhWLjc
Handwriting__metadata.yaml,Handwriting,1ZXo8CBs31o89GfYPPAvTU2shY0FziUql
Handwriting__y_test.json,Handwriting,1LLUbtkreiHipMGtGSL9OsT-LWLnh0coX
Handwriting__y_train.json,Handwriting,1mzk9Mg2rt52GyXiWD51iBOD9XIysmZ_-
Haptics__X_test.json,Haptics,1INzpLfR4IVJ0uvgRCdoNqerxiW6EVHkG
Haptics__X_train.json,Haptics,1vpz6F-hxfnv2RIArUykZzLSfB4kFFU-e
Haptics__metadata.yaml,Haptics,1oOs2PSfMG3-AyYeIaVZlhQtgxfApXONa
Haptics__y_test.json,Haptics,1_iTRzCX-U78BmpmacTJZJmtEvpilkMH2
Haptics__y_train.json,Haptics,1T7idhap6bc2KB13fBnwLR6q0uCyteUiw
Heartbeat__X_test.json,Heartbeat,1D-GyrKZbfFQWCo3CAR0uFX2hp7JPNgbk
Heartbeat__X_train.json,Heartbeat,1vXVdBUC-4UZ8u09-P6EUdBC28F7Tlp-N
Heartbeat__metadata.yaml,Heartbeat,1NvP9bmHBwDrr699gVSWzzWfC8_MV-Czy
Heartbeat__y_test.json,Heartbeat,1j2dyTbI44THOEoSZEvdDKCvE1QwV3zHQ
Heartbeat__y_train.json,Heartbeat,1rLLM6UvYc1C_yDVKhkkfgu36a87rvNki
Herring__X_test.json,Herring,1a5Zsus1_zcQNWrm5xv_3ccKeqDyCGb31
Herring__X_train.json,Herring,1dq61zBLLDAqDoMOYhqeTfA5B4i8OFw-d
Herring__metadata.yaml,Herring,157Lpjj9pR_yS7QbtIm9TKCO0Rhs5fCYO
Herring__y_test.json,Herring,10VBSB9OjVyM6cHkhVdlPfxhMpwb8bXdv
Herring__y_train.json,Herring,1ZS6ZoMV7Z6b4LLqhjKanMsgXaoSzt87P
Hospital__X.json,Hospital,1F9e1ZTuGJmRtqxb1xasvfPTMNHMOeHsk
Hospital__Y.json,Hospital,1e90P57iK1MLR2-nqvK2W0ZfoLetGKY6G
Hospital__metadata.yaml,Hospital,1UYukL97tL2CYt9sb3aZwgu_DNDJ1Vfyo
HouseTwenty__X_test.json,HouseTwenty,1EomaR89J1z6iz9QGlseeXQ9lNBBnEfNX
HouseTwenty__X_train.json,HouseTwenty,1Dfu8wYwtI2B_Insh58WGhtSkNtm1fly9
HouseTwenty__metadata.yaml,HouseTwenty,1fEyMx_Nt8N8H8nesoxNegFiCr8o9Iqam
HouseTwenty__y_test.json,HouseTwenty,1NemtaNss0IGmt_hb8hEwr484nTXWRn6e
HouseTwenty__y_train.json,HouseTwenty,1eOGGSYJQg1-3DAjauqDqa_bPOVxpecHU
HouseholdPowerConsumption1__X_test.json,HouseholdPowerConsumption1,1SOtLY25tWzsg7lKrfd5JBBzDZsbLS7P_
HouseholdPowerConsumption1__X_train.json,HouseholdPowerConsumption1,1fjL5h-4Hv7gIXYqCyLD5bLD_H10hernQ
HouseholdPowerConsumption1__metadata.yaml,HouseholdPowerConsumption1,1eJKQcIxj26cO0YWLgiIaakzR2TrX76gg
HouseholdPowerConsumption1__y_test.json,HouseholdPowerConsumption1,1dAc0QifOnS6qCjBC9N1XbU6uarQ42iLq
HouseholdPowerConsumption1__y_train.json,HouseholdPowerConsumption1,1M2dGno-MO4zzl0opa_3b1-rHRoflU91v
HouseholdPowerConsumption1Imputed__X_test.json,HouseholdPowerConsumption1Imputed,1LgXGs3okytaxnOkj5VHzellDbK9yY6Dz
HouseholdPowerConsumption1Imputed__X_train.json,HouseholdPowerConsumption1Imputed,11DcXBeLaTEbxHyv7aN8-Obj573rBOd4j
HouseholdPowerConsumption1Imputed__metadata.yaml,HouseholdPowerConsumption1Imputed,1d4_sNMLpiZ72sKtAUrbu1-tikTPD8Gid
HouseholdPowerConsumption1Imputed__y_test.json,HouseholdPowerConsumption1Imputed,1Ae0aCTkoJkORLT4758BGEmlxQSkeLY85
HouseholdPowerConsumption1Imputed__y_train.json,HouseholdPowerConsumption1Imputed,1BNBnhWSGQXEXXLsosNyrfv-i2hfB9Cbr
HouseholdPowerConsumption2__X_test.json,HouseholdPowerConsumption2,1UyuOz1K9G0w89SzA4nGxJn5-siRZ-DyT
HouseholdPowerConsumption2__X_train.json,HouseholdPowerConsumption2,1IYn9NKFyDijlaNdN6dZSt946JbYIHlCN
HouseholdPowerConsumption2__metadata.yaml,HouseholdPowerConsumption2,1yHSxNnwEZFADKCSC6vDJEJd5aDMKNFXv
HouseholdPowerConsumption2__y_test.json,HouseholdPowerConsumption2,1RUXNGGnRmPCmpn3kTDJ_5maHwBlbPaY-
HouseholdPowerConsumption2__y_train.json,HouseholdPowerConsumption2,12ANayeeA-DRSvW6u0IF-lcnXfp18n52G
HouseholdPowerConsumption2Imputed__X_test.json,HouseholdPowerConsumption2Imputed,17rAdL4gex9JMwsR5IOWFpepzLIRn8SNa
HouseholdPowerConsumption2Imputed__X_train.json,HouseholdPowerConsumption2Imputed,1ao7vnQr8pL_5-YUtjpgjl1X7aHayPzEn
HouseholdPowerConsumption2Imputed__metadata.yaml,HouseholdPowerConsumption2Imputed,1DyQtR1r6jYUsnijkJkMiT6B1IiEWfPCk
HouseholdPowerConsumption2Imputed__y_test.json,HouseholdPowerConsumption2Imputed,17gfr6_FYHyhum8GKc3AWe8AUnrJ7Wxrh
HouseholdPowerConsumption2Imputed__y_train.json,HouseholdPowerConsumption2Imputed,1WaIF2yOd7Bt16iygjnHfTrrApK9IJHfK
IEEEPPG__X_test.json,IEEEPPG,1hpRhxStlbD6DJ9KAP24PfPKI3LlrsToc
IEEEPPG__X_train.json,IEEEPPG,1V_fmWdNwH3tX5Vz75EyLk06Thd5N44qX
IEEEPPG__metadata.yaml,IEEEPPG,1DzZ5qib4rqwPa7N4u8UM59ND6oXm_Wge
IEEEPPG__y_test.json,IEEEPPG,1jsPV15D2dldNPJA2ToZVfvjgxm8rrUel
IEEEPPG__y_train.json,IEEEPPG,1CwEBxisOQ7GxogRtYYi7pfAPq16wAiur
InlineSkate__X_test.json,InlineSkate,1uxdRuluiabRGUfbKigZeS1zDSw3RmIbB
InlineSkate__X_train.json,InlineSkate,19_05UOj6mFIiiZxqQO9Ui1wBQKH5ktek
InlineSkate__metadata.yaml,InlineSkate,1tkfj2nFv864uh9A_KWVaWmnblRXpo9s0
InlineSkate__y_test.json,InlineSkate,1graW0vhELQmeerTYyaDa1q2xrGokONhk
InlineSkate__y_train.json,InlineSkate,1UWdE3jyA37rsB4wkZ1lwBKAtT6SgHLgt
InsectEPGRegularTrain__X_test.json,InsectEPGRegularTrain,1ceknBl9pwP3iS1SEQl_ZeEaMQXOH_-Yv
InsectEPGRegularTrain__X_train.json,InsectEPGRegularTrain,1LzmLiCkVALlnR5OMbyWegnOb2lKcsWMa
InsectEPGRegularTrain__metadata.yaml,InsectEPGRegularTrain,1yg7Hz3yZdqmS325_t8-wY6n74u4nqTiW
InsectEPGRegularTrain__y_test.json,InsectEPGRegularTrain,1mH7NuV0ojnlDkl3cEcw8psXm6ALNMPEg
InsectEPGRegularTrain__y_train.json,InsectEPGRegularTrain,1E6Eh_lzLVHw8n53zZ1TAAX6-F2H9utBk
InsectEPGSmallTrain__X_test.json,InsectEPGSmallTrain,1GlywsjaKWmPmJYGDU1S3g7dJWfXOhdhs
InsectEPGSmallTrain__X_train.json,InsectEPGSmallTrain,1nfQfft-9l3AocXw9N7ZuQjhOZZ35___L
InsectEPGSmallTrain__metadata.yaml,InsectEPGSmallTrain,17TmQ699B3gSA5Kps2-N9aj2rbeqtV1Bg
InsectEPGSmallTrain__y_test.json,InsectEPGSmallTrain,1wdLIImw20bz1mqjwEU7YxsRpxLXMkaiI
InsectEPGSmallTrain__y_train.json,InsectEPGSmallTrain,1UPprD28NdQgii4VsmvnIX9mSTcOEIVpR
InsectWingbeat__X_test.json,InsectWingbeat,14ecScOTLpUl1pNasnfTasgP4kCQrhgNf
InsectWingbeat__X_train.json,InsectWingbeat,1e9EBP5AxHXobPdI9_Ux2tnXgHpGNoLqo
InsectWingbeat__metadata.yaml,InsectWingbeat,1LIGmSks4MQ4XsBULCpZ9KMMmXc3KtyuT
InsectWingbeat__y_test.json,InsectWingbeat,1UyGYsMxW7ZwmWemISAJqfva_CGdyI1oH
InsectWingbeat__y_train.json,InsectWingbeat,1ihQgNx-hXajxTm6gWDuwlbO1GldAsYuD
InsectWingbeatImputed__X_test.json,InsectWingbeatImputed,1EMdIg-kQhOBkPb8C5Yq8J2hUbii5j6wZ
InsectWingbeatImputed__X_train.json,InsectWingbeatImputed,1Wye1Z1tvDNoo5pQ_Ki1xtDiuNRr8iq0F
InsectWingbeatImputed__metadata.yaml,InsectWingbeatImputed,1m9QEdbL9kkSvH_Tms5NS33c5r7vlA2OD
InsectWingbeatImputed__y_test.json,InsectWingbeatImputed,1m64sC9Gb8Zot-QD91GBQq4GEbyiwH4j-
InsectWingbeatImputed__y_train.json,InsectWingbeatImputed,1qLkw-XIpp1tDyv4UhCO4mVIcN2l_p-u4
InsectWingbeatSound__X_test.json,InsectWingbeatSound,1JJHwkBuZviRo7_EEaQMf8oXS9QOqVFEL
InsectWingbeatSound__X_train.json,InsectWingbeatSound,1B2tpEVQdTiw2_pVvuDe0zopcN4Vtc9qF
InsectWingbeatSound__metadata.yaml,InsectWingbeatSound,1nF8KsVXknh6cgZcOhg7NJM6LfRAMdV7x
InsectWingbeatSound__y_test.json,InsectWingbeatSound,1SdVrUxDmTFUncYHvYGVs0HWzQx9uZkng
InsectWingbeatSound__y_train.json,InsectWingbeatSound,13GcaN9Q5BvBPNFYli4witWyWN-PkZvHH
ItalyPowerDemand__X_test.json,ItalyPowerDemand,1l10H_qwwN_EwCDR2mRqbRKdQkbKHpgcx
ItalyPowerDemand__X_train.json,ItalyPowerDemand,1CRc3_zqfKzSFbw_n5qvmguuy5N14eiPX
ItalyPowerDemand__metadata.yaml,ItalyPowerDemand,1Dx8P4RNK9Y6XsB-s9PUYJWTlxPXELRdr
ItalyPowerDemand__y_test.json,ItalyPowerDemand,15xFurTVrlWLHBbbGKnNm6eFDxnHby3tb
ItalyPowerDemand__y_train.json,ItalyPowerDemand,1vYfF5pRdZaGJUv8tLdhDhppDNGAbHsuR
JapaneseVowels__X_test.json,JapaneseVowels,1qApJ9B09Pptxe1_PvRCM9cHPzJbZNT19
JapaneseVowels__X_train.json,JapaneseVowels,1ij38FfUcJ9yAc27Uy9BPAiNpnv73yZuD
JapaneseVowels__metadata.yaml,JapaneseVowels,1b-udg0Lq5CnG0UVRfC5j6g8cCIMhM3dE
JapaneseVowels__y_test.json,JapaneseVowels,1kO5ujpd62BeQtB5vujMdrnb7IW8PW_Os
JapaneseVowels__y_train.json,JapaneseVowels,1_n05QKAfvJVBnpOMNj_C0BJIgAkFA8hM
JapaneseVowelsImputed__X_test.json,JapaneseVowelsImputed,1XkXf4JxCVpsNofb_oVBSOtFwGtZ6E3zO
JapaneseVowelsImputed__X_train.json,JapaneseVowelsImputed,1oDMLKJregaaNjriYzewzD-JlrWjqfr73
JapaneseVowelsImputed__metadata.yaml,JapaneseVowelsImputed,1GC81r3EucJ-4ar-x94sGlEHHBYUSBjzR
JapaneseVowelsImputed__y_test.json,JapaneseVowelsImputed,1HlE-aexw4WuwJ8SCiSd_8udnOOWkRNV5
JapaneseVowelsImputed__y_train.json,JapaneseVowelsImputed,1ehsyaljzqks1aJKYDnDHe5tijmlUoT-I
KaggleWebTraffic__X.json,KaggleWebTraffic,1uMZvr-YC4_KZso62PMD113WZqUWf6epe
KaggleWebTraffic__Y.json,KaggleWebTraffic,1jI1jTIouF6ULnr3Qu2CrSdDVhjPrLpRE
KaggleWebTraffic__metadata.yaml,KaggleWebTraffic,1zrzhOHN6teIRp5kqj6tkg7fJSQKvL5cn
KaggleWebTrafficImputed__X.json,KaggleWebTrafficImputed,1Ld_i15vlaj_toGbXoHw8SmCb7IUyKPl4
KaggleWebTrafficImputed__Y.json,KaggleWebTrafficImputed,1OPccYeJ1Q6qYSk1UHouhVr6FG50WNL74
KaggleWebTrafficImputed__metadata.yaml,KaggleWebTrafficImputed,1ShZTjrLr2y0xNDXUQgznMi8MY3xQ8eN_
KaggleWebTrafficWeekly__X.json,KaggleWebTrafficWeekly,1C5zVDyh4i_7e0qTyVU22V6yledDcm9yF
KaggleWebTrafficWeekly__Y.json,KaggleWebTrafficWeekly,19PVSdVz3lES3niwLltHWugaCJy8SoNVf
KaggleWebTrafficWeekly__metadata.yaml,KaggleWebTrafficWeekly,1PwKSZHNMvqrmKEk-Jl6NCFC9mN2j7-yY
KddCup2018__X.json,KddCup2018,1GJy4CY-CPDcwqGyZH5SxPw_-ApHmW3pQ
KddCup2018__Y.json,KddCup2018,1ksABnX4Z6e9pX77AigiEz4fQ3LJry_Sv
KddCup2018__metadata.yaml,KddCup2018,1U0nFhpUGNTjLhUy7QpOIrZfOnIaN5lKZ
KddCup2018Imputed__X.json,KddCup2018Imputed,1ciKgWxinoZHs8N5lklDDEdxXMIXeIpFf
KddCup2018Imputed__Y.json,KddCup2018Imputed,1Dtgfmi5CrBcXADiUZKWYCcc2b3qVBh9J
KddCup2018Imputed__metadata.yaml,KddCup2018Imputed,1yjXz8arjHaUNrzj-8IJty9exjhHBHxAy
LSST__X_test.json,LSST,1F8WGWVOt7GXvYObM4ncoPkXXrnmKy5df
LSST__X_train.json,LSST,1ymUyXxxj6e-rmDHDj2sVBoeGZs6GKTrE
LSST__metadata.yaml,LSST,1ZCEwlB3kUe1HAx6SGrZIf_o3rfaezXPV
LSST__y_test.json,LSST,1QPnDV1VhzMTg1JhTXNg9UJPZhosvHnm4
LSST__y_train.json,LSST,1bh-QkHQMRHg5c3YiWoPLv_T-ctL6VJNA
LargeKitchenAppliances__X_test.json,LargeKitchenAppliances,1TIdvhXJI9dbS-zlGD8RCRlD7h3RLSmpk
LargeKitchenAppliances__X_train.json,LargeKitchenAppliances,1m5AroEC7SAQa45ZpFiA76OyIPAD4oUiZ
LargeKitchenAppliances__metadata.yaml,LargeKitchenAppliances,1ZNG62qP_TP_zyUkcXlBCUUr8CUyrxvbu
LargeKitchenAppliances__y_test.json,LargeKitchenAppliances,1Fv1tJRxnEyWxYrkhABh9dlFBi8gSfR6w
LargeKitchenAppliances__y_train.json,LargeKitchenAppliances,1t7Jfd3X2QJY49UdehRFx_oVjcQ-3WEdu
Libras__X_test.json,Libras,1UlVxuRgQaDRcYwvcf-AVeg5RWxd6WKXY
Libras__X_train.json,Libras,1EWJ4T5kygnz0CgMSKI1iHWr7LG51i96k
Libras__metadata.yaml,Libras,10jGsZwEN9ICQp6ZC0MB0FxCnzc0i_dZ_
Libras__y_test.json,Libras,1m8VVqOB7eHdFkynJWbmz_uBpKBuwDhcG
Libras__y_train.json,Libras,1TCGAyAYduFhwheRJHLPgVm0XTGIyiYEh
Lightning2__X_test.json,Lightning2,178vZQON8Mr2_BXppq6wBJ0PcpLcFNiQG
Lightning2__X_train.json,Lightning2,1Nht8sm4OVs8zxJENLlOiuyA_mTvOuV23
Lightning2__metadata.yaml,Lightning2,1veioyGX7YWeGExZtBmJe4QPh_hASBcYx
Lightning2__y_test.json,Lightning2,1EwI-IGQ8Vcpf_eAQx-iwMPzKjZF8WdfW
Lightning2__y_train.json,Lightning2,1f-oNXjOSRukZ7bUtZHK6odzKLuLlI5g-
Lightning7__X_test.json,Lightning7,1FHhh1oibmfVx9ZCY9QJ8ImOE5HeT-RhX
Lightning7__X_train.json,Lightning7,1ZxwRJXwmroJffqtYXDb_SLOcb4pspUUg
Lightning7__metadata.yaml,Lightning7,1bws9g_564sDBRY_p2ZzG1LGS564Y2aoE
Lightning7__y_test.json,Lightning7,1hUocp6S9zKN8dj2rQiGgLmfHioc_0F7a
Lightning7__y_train.json,Lightning7,1VXUdBJR8kv-Qf5m0AGCkwupZd-e93YWx
LiveFuelMoistureContent__X_test.json,LiveFuelMoistureContent,16jSs4mQIVxyzobFCD8HotvIjT4THXdVy
LiveFuelMoistureContent__X_train.json,LiveFuelMoistureContent,1PywCDNo7gy-uwSqf1kTSqVA2t-jSbvTj
LiveFuelMoistureContent__metadata.yaml,LiveFuelMoistureContent,1cULE0xlV7AMVlShBSNQE_BKbegFpwyfG
LiveFuelMoistureContent__y_test.json,LiveFuelMoistureContent,1FgmQJhGBVDH7rpZPt_-QmEU1w2CB3GDB
LiveFuelMoistureContent__y_train.json,LiveFuelMoistureContent,1gu9p-zQGLuJU0pX0piFFF0df6IJXJr-o
LondonSmartMeters__X.json,LondonSmartMeters,10o1V1Qh79ht3cqd-yfgUH9nVgsRfR8Sd
LondonSmartMeters__Y.json,LondonSmartMeters,1G5haPEfnowk7tx6ij80gtrf1IUIYelrV
LondonSmartMeters__metadata.yaml,LondonSmartMeters,1hiw7EJFIIMOVTPoTKTRqa_0QOvYagPcJ
LondonSmartMetersImputed__X.json,LondonSmartMetersImputed,1vHzCWtMLbym5-OVAsEkOeRgt7W-aQ_Wm
LondonSmartMetersImputed__Y.json,LondonSmartMetersImputed,1-ziYvnprbEIzb-qB7BJNnqIw99CzggLX
LondonSmartMetersImputed__metadata.yaml,LondonSmartMetersImputed,10a390aUtXZeaiTVZgoi8URJ_iz__0WEM
M1Monthly__X.json,M1Monthly,1je2s5fnyJ1ORcA61-nYNZWPh9tTSD-8K
M1Monthly__Y.json,M1Monthly,1ookmuN0V5w0xN_ZVRmtha3BubAsRbo0Y
M1Monthly__metadata.yaml,M1Monthly,19EfXw8eI9UqIUvLIb1K-c_T1gqNtPMN4
M1Quarterly__X.json,M1Quarterly,1xFucmGtR-q9WOIIumtubCSSo-Kkn7xa2
M1Quarterly__Y.json,M1Quarterly,1ydCPdPnd0Rq7B39tk6ORZQ5Dr3wxF3Cs
M1Quarterly__metadata.yaml,M1Quarterly,1p5nek_djG0_Lz4mGAMoD9v_LWCmEBo10
M1Yearly__X.json,M1Yearly,1HLRJTXZpzzFFJeVDD6uFbBzJDTCHb81W
M1Yearly__Y.json,M1Yearly,1XjGwnIodOkZzJBT-IsBfi-V13M6TOmpn
M1Yearly__metadata.yaml,M1Yearly,1mPu8jZbcGbJKvTG23TnKMbc0tWSahSX2
M3Monthly__X.json,M3Monthly,1z3CGOy5KADXyZDVLHUC2emMeGFXEuzMl
M3Monthly__Y.json,M3Monthly,1jmzkoI88cSgHWniuVa3Bl2cowporjiYG
M3Monthly__metadata.yaml,M3Monthly,1Uz1qB4nlNn5PneKQGkK3g6hfVm8ci4xe
M3Other__X.json,M3Other,1wgBN2VrQAXNPo_ZP4VQKx48vklFeN1nS
M3Other__Y.json,M3Other,1Zoy4zoAzFwQiBdpbUZQCKusfsXqRLIJL
M3Other__metadata.yaml,M3Other,1eCjWuwRtl8d5FqGlBSy38iaLzbNwzCt7
M3Quarterly__X.json,M3Quarterly,1QrtOfmW_cJVubXzpiDfK2IzLPsWO-yXt
M3Quarterly__Y.json,M3Quarterly,1QUUG0NFA8Um7oliCulbYHiIVXqgacaTH
M3Quarterly__metadata.yaml,M3Quarterly,1QqmX__V5LxTnH5TEnhYyjfV02Sfr_h17
M3Yearly__X.json,M3Yearly,1rKQ5QTgTPuR1TEu87ltDSn3u1I3RUKd3
M3Yearly__Y.json,M3Yearly,1glDQI4-UMXvM9z_sUZMp0IL6gKQK0tq1
M3Yearly__metadata.yaml,M3Yearly,12ogjnNv_svZMbk68-daEWEjE2z2Ogw-8
M4Daily__X.json,M4Daily,1vZ6uzYwUWlyw234o2Usd3qRpYPByXmPx
M4Daily__Y.json,M4Daily,1P9TzWUE6qkAJZVPPga5T5r3P0h9G8y0i
M4Daily__metadata.yaml,M4Daily,13s2NyKT89uETd_kY2OQ1Z_LMQvkAkHp-
M4Hourly__X.json,M4Hourly,1l2hbnOaT4w2LpcOOqw8zv-zVdk2Morkm
M4Hourly__Y.json,M4Hourly,1ge0nbZsZ7JCX9oQjz0sqvuProPU1P14x
M4Hourly__metadata.yaml,M4Hourly,1GCXsZZrBrzYZPq7dkCVi5Ho7htH1j4F8
M4Monthly__X.json,M4Monthly,1VQcAMqkegKZcI65aU4FieRI2bFiofZYF
M4Monthly__Y.json,M4Monthly,1Nxk5lgg3v9fH3Uwf__J5OpoOSRB4GjsT
M4Monthly__metadata.yaml,M4Monthly,12YELJqmQo1hn_la1hAfp9iiNyZ_b9m79
M4Quarterly__X.json,M4Quarterly,1gOLmMCJAfJteN_yW4SJRYhiGyHy5l-8s
M4Quarterly__Y.json,M4Quarterly,1rcgoiIZHv6vlVlJZ4CmsW8j7bQkls-QB
M4Quarterly__metadata.yaml,M4Quarterly,1oUjEY5omPCxo2S1Xa86sPMlFSdXByWRp
M4Weekly__X.json,M4Weekly,1VjUzKOl0Ik8yh-0K_dIKVAPIn6JPIxGe
M4Weekly__Y.json,M4Weekly,1t9omVnIHi0QFJ-iZJBVZdhFvzXx2tP6p
M4Weekly__metadata.yaml,M4Weekly,1QfwtrGCxxk4Vjjgc1wJPharIidPMtswk
M4Yearly__X.json,M4Yearly,1-Tp_WAgq5Re3vuoMnYaD1dsqlpRVHoTE
M4Yearly__Y.json,M4Yearly,1J3Q0W-YsHaDSgbvLAzBUIEwW9FIqAtYc
M4Yearly__metadata.yaml,M4Yearly,18KapFeZ5IeqX1twfohEKzwpIGinKoF2M
Mallat__X_test.json,Mallat,1oflKzOLWFjZ-cl2ipiGtKeYCrKULAu7Q
Mallat__X_train.json,Mallat,1_gA14a3QaetfICzqV6TDpErSAdnwsuJk
Mallat__metadata.yaml,Mallat,1nF-QW49DSWOG8THtDOm-1yDXifZLSDnF
Mallat__y_test.json,Mallat,1ICS75JbWxAqYzwCIR3HNHrgQq0c_9GO1
Mallat__y_train.json,Mallat,13gD-vXyRKSqQ20-PmK02NndyPXugV2Ky
Meat__X_test.json,Meat,1riT9R-st8Oy1JD-lhXLoEhd7jC_14hKg
Meat__X_train.json,Meat,1ZsHX7FLaQMnvg_08tvcTNR6Vdzdtcg8A
Meat__metadata.yaml,Meat,1h1S8KYeD4skyO0DKtHEY5n2ze6SNjaEy
Meat__y_test.json,Meat,1K_R_Xo2kry4XyqU_KXHTG4tFT68Wh80i
Meat__y_train.json,Meat,1iNU7RsHmZJ1Ab4UuqVKcC4Ekc7OSBYRv
MedicalImages__X_test.json,MedicalImages,11j20Z8HjcokG1BVvf7DnNZ2N22Elrxpk
MedicalImages__X_train.json,MedicalImages,1x1Uqeq-sLjWpqc_JD5BT3CI4KRrjox3P
MedicalImages__metadata.yaml,MedicalImages,1Nnd3NvU4de04i9_UOhTq0PVorT08Advj
MedicalImages__y_test.json,MedicalImages,1cCfWnlk-RbEa4FdTGYfV2gP9P-pdB3il
MedicalImages__y_train.json,MedicalImages,1WDxjQokfHCzakme0MEuoYR_cgoE2sEU8
MelbournePedestrian__X_test.json,MelbournePedestrian,198o5ZKnn2EXC3kn6Zc8ZErwmbxbe-_CC
MelbournePedestrian__X_train.json,MelbournePedestrian,1lSJ6WlUzmuhLc-fiKKf5jtQgnb4lx5QA
MelbournePedestrian__metadata.yaml,MelbournePedestrian,1zRJobIdU5KJh-d7y_armjzMrbl253AFS
MelbournePedestrian__y_test.json,MelbournePedestrian,1pz1iHektcW2jYAk4GTZ3Ba-sr9vYqwmG
MelbournePedestrian__y_train.json,MelbournePedestrian,1N8Q2pSSH_ovP3NaMoLzF5IfQmgok3U7b
MelbournePedestrianImputed__X_test.json,MelbournePedestrianImputed,1TsII6OvbPNOE8xFDf19klXkdBmNuLjip
MelbournePedestrianImputed__X_train.json,MelbournePedestrianImputed,1HQEHZly_MDxL7AnCspnPYrZeOWf33U30
MelbournePedestrianImputed__metadata.yaml,MelbournePedestrianImputed,12W2PGFdNYuX6QL718uEFHpCX9-Ud5yFw
MelbournePedestrianImputed__y_test.json,MelbournePedestrianImputed,1txAvtZq4Cu0xv6aZspdcl_0LCEnGIgbA
MelbournePedestrianImputed__y_train.json,MelbournePedestrianImputed,1fRQA7KJQqEKwrBPijkeSzuQvxLH8gKxC
MiddlePhalanxOutlineAgeGroup__X_test.json,MiddlePhalanxOutlineAgeGroup,1PS8F7hwqXKSmf2gXCmdSRxvKG_Mb8hxO
MiddlePhalanxOutlineAgeGroup__X_train.json,MiddlePhalanxOutlineAgeGroup,1WkFl4wJwtwbKJ_bHFQD0t3L5s6BqohAg
MiddlePhalanxOutlineAgeGroup__metadata.yaml,MiddlePhalanxOutlineAgeGroup,1a9sEff48dn4cmvV00KGhl3o1Qi8FwNQ-
MiddlePhalanxOutlineAgeGroup__y_test.json,MiddlePhalanxOutlineAgeGroup,1AInEqqZRrNC4CGKDdpY_DE18WzP3BtlH
MiddlePhalanxOutlineAgeGroup__y_train.json,MiddlePhalanxOutlineAgeGroup,1EyJlEiXC1L86AS8164XwJvB7a8CQ3Lxn
MiddlePhalanxOutlineCorrect__X_test.json,MiddlePhalanxOutlineCorrect,1c9kzW3Vy1aRVh_5lLL0olNvsdo5ISIq9
MiddlePhalanxOutlineCorrect__X_train.json,MiddlePhalanxOutlineCorrect,1cIzKqnI7N0hUCtYC3O0ktyX4tLRcivBW
MiddlePhalanxOutlineCorrect__metadata.yaml,MiddlePhalanxOutlineCorrect,1e-iso_KfkSewOZtv-G8lD6tIhdXOHNGa
MiddlePhalanxOutlineCorrect__y_test.json,MiddlePhalanxOutlineCorrect,1M0lPia2LlgYBIMfg3Ht3BND1pvsiHtk_
MiddlePhalanxOutlineCorrect__y_train.json,MiddlePhalanxOutlineCorrect,1qRWwDC1k0ZEtrXiDibYadr-EzPaubR1I
MiddlePhalanxTW__X_test.json,MiddlePhalanxTW,1AJVz-zgFlVg2MTLHnZlEuKtd79Jm6WIZ
MiddlePhalanxTW__X_train.json,MiddlePhalanxTW,1Nm7HiUfRfNALFkjgYcUES3SI2PRHcXL7
MiddlePhalanxTW__metadata.yaml,MiddlePhalanxTW,1QLGO-eci0pUaxcUUEnUOnfsx1xgKYaZO
MiddlePhalanxTW__y_test.json,MiddlePhalanxTW,19BdjFTBCyEQ8a_YrZcYmwQ8ZRpoicqKL
MiddlePhalanxTW__y_train.json,MiddlePhalanxTW,1IcpnrMpU0nBlJaz90kIh72emcZKRFyOy
MixedShapesRegularTrain__X_test.json,MixedShapesRegularTrain,1gdockWpoTOlSTRmlZJ5zemeF8ll1GM2K
MixedShapesRegularTrain__X_train.json,MixedShapesRegularTrain,1qaG3Tz6jdy6KaF1TbuBy-963tdzkbKPk
MixedShapesRegularTrain__metadata.yaml,MixedShapesRegularTrain,1KjAULpah9zEC5km13KQGQRv9j_IfrRAN
MixedShapesRegularTrain__y_test.json,MixedShapesRegularTrain,1DvHo5NrtpflHgkq9TKBZQUdsyKBCmvpF
MixedShapesRegularTrain__y_train.json,MixedShapesRegularTrain,18VqEfm9eEsV7RwRknORMnePTgDraY1Uo
MixedShapesSmallTrain__X_test.json,MixedShapesSmallTrain,1odEFAsLyZl8QCq_OivCwyT4IC2283eYA
MixedShapesSmallTrain__X_train.json,MixedShapesSmallTrain,1X9r6_I6Sba4zkO13K-PVzW4LWodwSPDv
MixedShapesSmallTrain__metadata.yaml,MixedShapesSmallTrain,1-eu5cuUzBUaa44tUL3Myc46ZBM6gEeIp
MixedShapesSmallTrain__y_test.json,MixedShapesSmallTrain,1xM6PIWvSRStMOa8V4jV-8UphJBass2Z2
MixedShapesSmallTrain__y_train.json,MixedShapesSmallTrain,1ZdqG9on0qyLuq6Lz3EOtXMqrusgQWyoQ
MoteStrain__X_test.json,MoteStrain,1Y-ZcBL2inZ7YaMClsKffD4hsYfbbdN0B
MoteStrain__X_train.json,MoteStrain,13S8oVQbhaLZWrl87YPsLdoSiJacC5OO0
MoteStrain__metadata.yaml,MoteStrain,1dF-BhrF_HLfG3zxWmGkTKihuzJW36Byc
MoteStrain__y_test.json,MoteStrain,1rlN47cC5outJsGvo8-QX_F88XiqjMOeH
MoteStrain__y_train.json,MoteStrain,1eeyvv_W_SfCV22J7VEIcJ83azfvPPZA3
MotorImagery__X_test.json,MotorImagery,1jOTV-2UI_srQsf3qlJF3E10ioYjLxYHN
MotorImagery__X_train.json,MotorImagery,1qBmlMiSxCCzd-uDcIeF1WqRioNioWlyC
MotorImagery__metadata.yaml,MotorImagery,1dymrGN2r8G7txqH2a5P43ez7Q1x2uDJv
MotorImagery__y_test.json,MotorImagery,1Ow_icwqdw-L84sAVqmOR4jkYLsR--L4A
MotorImagery__y_train.json,MotorImagery,1aOmuSmgLqXhV88mMK-c9mTLGl1pYKcGH
NATOPS__X_test.json,NATOPS,19xY2nao4ieege1_CBLkI6jedefJTfQFf
NATOPS__X_train.json,NATOPS,13d-WGul2xituRdEX3VxadWiIl0m0uhoW
NATOPS__metadata.yaml,NATOPS,1-DHyyIqMbeio6m0IAOnrMpyrLcruZYiQ
NATOPS__y_test.json,NATOPS,1K05dY0JUnJDAl-0AkUTOFK2ABu0T6_5S
NATOPS__y_train.json,NATOPS,1EVE8NTUJRGEIiWvDBE5PHtQT9kV5v0w0
NewsHeadlineSentiment__X_test.json,NewsHeadlineSentiment,1f88lebMb1pfrRgYmarF-m3QZr82y3wqU
NewsHeadlineSentiment__X_train.json,NewsHeadlineSentiment,1FL47VU3oJvC0CjemLa5kJ9kzf1VbCJaT
NewsHeadlineSentiment__metadata.yaml,NewsHeadlineSentiment,1yffGf5Wss3OX5uqVWvxDURl4R5B50Phe
NewsHeadlineSentiment__y_test.json,NewsHeadlineSentiment,17J8an0V0c_v4AEA1P4DTWlh3RVygJoLb
NewsHeadlineSentiment__y_train.json,NewsHeadlineSentiment,1CXNmKe3B-69sN78XJhJ9SPTsyLN6Biug
NewsTitleSentiment__X_test.json,NewsTitleSentiment,1YcLNFJw5-TK0ZxIYhRomf7MhXXIzIkHO
NewsTitleSentiment__X_train.json,NewsTitleSentiment,15xDCFQ2XlWmAvqBxF4jQrxg9zK53F8fO
NewsTitleSentiment__metadata.yaml,NewsTitleSentiment,1yolIyOOoLtBabk0TJYNMvuagrjNfh_AR
NewsTitleSentiment__y_test.json,NewsTitleSentiment,1pqv8eOZl3EnJiYPj-dMPkZQTya7tg3hM
NewsTitleSentiment__y_train.json,NewsTitleSentiment,1_BqL3tI7AhbZSPBynMEKMFsxXAeprFuP
Nn5Daily__X.json,Nn5Daily,1j3IFDs8UThIihNnO_qS8FSsCo0DSq9mp
Nn5Daily__Y.json,Nn5Daily,1ABjdNum4vOI8tRNvtJOdvZDls1U1gu6t
Nn5Daily__metadata.yaml,Nn5Daily,196NTROxpcVzBo7A5TQvjW5g6IezBMfIS
Nn5DailyImputed__X.json,Nn5DailyImputed,1YaK4TyBIf9NpqFL2Ku5iL6D3_S8QnU0C
Nn5DailyImputed__Y.json,Nn5DailyImputed,1u1ACPey_thS6zw8F-HUuyio_ftxCKvKD
Nn5DailyImputed__metadata.yaml,Nn5DailyImputed,1yYOzfTUsPdug2nVwFd3X_loob3SWZmpk
Nn5Weekly__X.json,Nn5Weekly,1UohWf5Q13c9KOObI3KH8DWoDb4rR3Dta
Nn5Weekly__Y.json,Nn5Weekly,18kwSMKSsO8BqQvD3gED3yln-vHB38waB
Nn5Weekly__metadata.yaml,Nn5Weekly,1VdycVyJQaxGR4ylgTgQ44msQrIEGbcii
NonInvasiveFetalECGThorax1__X_test.json,NonInvasiveFetalECGThorax1,1rrxnvEtcdK-hE4FPvr-V7vx48YDsbOVL
NonInvasiveFetalECGThorax1__X_train.json,NonInvasiveFetalECGThorax1,1BvFjFpEZlwC7rAmKnnDl5fpjKL3P2avK
NonInvasiveFetalECGThorax1__metadata.yaml,NonInvasiveFetalECGThorax1,1Ri1ZQCGUVtadYqtfMWWcBo8I196vswAq
NonInvasiveFetalECGThorax1__y_test.json,NonInvasiveFetalECGThorax1,1wevmEJo19oY09qm7P72QPmydyASpKonB
NonInvasiveFetalECGThorax1__y_train.json,NonInvasiveFetalECGThorax1,1zRWv9c3pg5iwIFkQvue1S8EtgYGzvWMX
NonInvasiveFetalECGThorax2__X_test.json,NonInvasiveFetalECGThorax2,1ILGxgM4azHZhfXiXxynR6OoGZQiMWL7O
NonInvasiveFetalECGThorax2__X_train.json,NonInvasiveFetalECGThorax2,13dof-V-IV4H0Tkfb_282VcewX03TqmcC
NonInvasiveFetalECGThorax2__metadata.yaml,NonInvasiveFetalECGThorax2,1U_CecPrycgLO8iV3ta-qEkEAiUcbWx9z
NonInvasiveFetalECGThorax2__y_test.json,NonInvasiveFetalECGThorax2,1a3o-B303VMgB52sy4e_S00YbWZg8itUZ
NonInvasiveFetalECGThorax2__y_train.json,NonInvasiveFetalECGThorax2,1IRkHvZMCC7Di8LNKCn5fZp_-AkvZxK-2
OSULeaf__X_test.json,OSULeaf,19TwJbLTjQ41S3yq05K3hhlNJ6Ow57Qhs
OSULeaf__X_train.json,OSULeaf,1dNZdIwsSPsStVevYg5mkNrbHfPdX71Vw
OSULeaf__metadata.yaml,OSULeaf,1KZQvS1_VD_P4B3sqKBwvmTFERJ7euag-
OSULeaf__y_test.json,OSULeaf,1EpNb-2x2s3ZgOpT0gUeBRBhvIXfH54Rh
OSULeaf__y_train.json,OSULeaf,1Sfv5FhrmEuI-hDL0WMa3EZeeSVnLppL2
OikolabWeather__X.json,OikolabWeather,1wFVgg6VhEr_XbT8I6pdurzhzkghORsCF
OikolabWeather__Y.json,OikolabWeather,1DhBtRWed5Sbz090itqXVSerXUG-kJXhK
OikolabWeather__metadata.yaml,OikolabWeather,1wpzA-ZWnC-hSNbL9WQpnF9h6cE6G1IkA
OliveOil__X_test.json,OliveOil,16xdQo9MYH8vKJq_iqkRpOWewEmFGVFm4
OliveOil__X_train.json,OliveOil,1MaecXGMQw_MK9SHSif_uCYxoraJfF1cB
OliveOil__metadata.yaml,OliveOil,1zanhCazJSCXgs6Uj1kTTj5AjAgMdKbg2
OliveOil__y_test.json,OliveOil,1V8KoQf8Ri0XOTQmZIiZIQftlKydzE6jy
OliveOil__y_train.json,OliveOil,1LMZlU2uFt7OOV9Mc4mMzuNRFjlxlqDsB
PEMS-SF__X_test.json,PEMS-SF,1HXoVMLbM3EXVtZKhj1M7p_O0Ddwb9v9A
PEMS-SF__X_train.json,PEMS-SF,1OgKz7NH7P6NThUSR-tpqnS_6yQZBMaAp
PEMS-SF__metadata.yaml,PEMS-SF,1m992SaGyoCiSntp0VO-ypZwH9EDDkgAG
PEMS-SF__y_test.json,PEMS-SF,1I7Xm7Wk4FHo52N59cTjvyWYUDTys_2HV
PEMS-SF__y_train.json,PEMS-SF,1EuntaLQoBLdvCIwUdOznOjSz6GwEWVrA
PLAID__X_test.json,PLAID,1hDD2tVnFP6_5WasGlQz1Ec6WjQKHbqbn
PLAID__X_train.json,PLAID,18XBYI0XY1ydcQTAOXpiJntOwTAAtDXyt
PLAID__metadata.yaml,PLAID,1Pi2anmGujgmfVnQZZXrWcM_P2obqM3gH
PLAID__y_test.json,PLAID,1m5ogTSD27soEA8lyl4NqVipWX3EQRXZy
PLAID__y_train.json,PLAID,1uZKYnAiBXGjPuta8xiUPiVy0kswPMecB
PLAIDImputed__X_test.json,PLAIDImputed,17kWc0GfeSWfWEz5nQwY3095WwGfjNoV7
PLAIDImputed__X_train.json,PLAIDImputed,10RAC_GMCZ_9TW-VvPS7D8svo3oXAfLML
PLAIDImputed__metadata.yaml,PLAIDImputed,1hcnQa8Jri8-1I_kPvgVEu5Hjf2H1Jf7V
PLAIDImputed__y_test.json,PLAIDImputed,1UWNC7VU5__QlErqj_o39ftmwtgtUrOUt
PLAIDImputed__y_train.json,PLAIDImputed,1W-tJ7hgQXy_aBEWj3oWuTYmjgzuF14gw
PPGDalia__X_test.json,PPGDalia,1BTDVxiHrlFtxYXOBaI3Gw-DoGtoxjH7m
PPGDalia__X_train.json,PPGDalia,1D-R7pvyydmqEkx_EegHBIoTNqDPPtIa2
PPGDalia__metadata.yaml,PPGDalia,1_3NNqa19n3n8xbJxwNySW7OHI9NuLTr_
PPGDalia__y_test.json,PPGDalia,1BWyJsEp9mLaocScar_icL8ecc5ySqFj7
PPGDalia__y_train.json,PPGDalia,1gYhs6S-TmZwWRVpqvZK1JLNh4JZlhFDR
PPGDaliaImputed__X_test.json,PPGDaliaImputed,176JdjPMJNePjiVF_crrNxfW8jME4uuGu
PPGDaliaImputed__X_train.json,PPGDaliaImputed,1jaCxmNDeu-9e9r_EBGqSRngimdjrpNQy
PPGDaliaImputed__metadata.yaml,PPGDaliaImputed,1Ote4m6BxKSJLJenvicFv0IiSntbbZ8Yi
PPGDaliaImputed__y_test.json,PPGDaliaImputed,1vgf0-LEcZ49DxziB44t61umULAgJMUAd
PPGDaliaImputed__y_train.json,PPGDaliaImputed,1NpqaNe9ANRD0dkZsFO4XMVfGO34ys8Tv
PedestrianCounts__X.json,PedestrianCounts,16pJf9zUfhQkqR4ch5Y3iMsDFHWKX9fyd
PedestrianCounts__Y.json,PedestrianCounts,17zVH5zbkEyaI3fkLzmicD1r02hXwkqav
PedestrianCounts__metadata.yaml,PedestrianCounts,1ZBxyAyzf_1GPFOKZkoQHfLcd0JMTi7qT
PenDigits__X_test.json,PenDigits,1PNq5Fv2HKjlDAcjc_f_AqGO_87Qcit-R
PenDigits__X_train.json,PenDigits,1YBIeoeXXQO70KsFwz2LdO9HJwlulNKxx
PenDigits__metadata.yaml,PenDigits,1AEh0mMU7jEdKeDJu7LgYohooKDknHaIn
PenDigits__y_test.json,PenDigits,1lbf1Dr6iGPpkSsKd-qk5fZD4vMTbWEap
PenDigits__y_train.json,PenDigits,16pdLeCcd6GmYtimVBbA-XBluQ0Wk2BUV
PhalangesOutlinesCorrect__X_test.json,PhalangesOutlinesCorrect,1IW8EYpW6hlhcKvYojFGsX_Jz689E8Or5
PhalangesOutlinesCorrect__X_train.json,PhalangesOutlinesCorrect,187WSelZ57b4ozjuwLdzQTyy8gFJOk91W
PhalangesOutlinesCorrect__metadata.yaml,PhalangesOutlinesCorrect,1rltOieCZW0bAj9w5xlz48kfM4u-jzfZk
PhalangesOutlinesCorrect__y_test.json,PhalangesOutlinesCorrect,1RW0rPPMHEUtHJTAGYv5dIzQpF4sgA3Um
PhalangesOutlinesCorrect__y_train.json,PhalangesOutlinesCorrect,15rIaOgEPfoQJPPGzc2qCu2JolOQlByuz
Phoneme__X_test.json,Phoneme,1jp_089G9ieujSuUTa6QrRQJrpFgM889y
Phoneme__X_train.json,Phoneme,1cxTCaDzdWteEdRxyMYokJ2WbqEIJcrfF
Phoneme__metadata.yaml,Phoneme,1LweZno-Zk2sB-GZ9CIoqdpB_wTf0VtKG
Phoneme__y_test.json,Phoneme,1_yNrJMEjPVm8PC7Ge1wwJsNYoXRvE8BX
Phoneme__y_train.json,Phoneme,1fXhA_j6w858o_Uq0YzCC0QxiBfEEnCJz
PhonemeSpectra__X_test.json,PhonemeSpectra,1682jQ6TgN6VgZRfvSPGM3zVd4pRFCvN0
PhonemeSpectra__X_train.json,PhonemeSpectra,1Rplx3G3aygPJBkN_g3p_Jtc0ior6IwY4
PhonemeSpectra__metadata.yaml,PhonemeSpectra,19ROYyJ5KqvzxAUF8zV1jZdD7S3XzXAAd
PhonemeSpectra__y_test.json,PhonemeSpectra,1-b_o9eEF-YY3T1jKVGJXJx0ryImaqABq
PhonemeSpectra__y_train.json,PhonemeSpectra,19RRh8i1kyWP_yGXtEpNxYOqQBsBjY76d
PickupGestureWiimoteZ__X_test.json,PickupGestureWiimoteZ,11FO0B3VcelkhG2GGIfc5toehZGwlOi3q
PickupGestureWiimoteZ__X_train.json,PickupGestureWiimoteZ,1VhL6zL8XzmhmKR4NEnH_rhHsh4nADZKN
PickupGestureWiimoteZ__metadata.yaml,PickupGestureWiimoteZ,1XT7QfMTTMPKDXXphnbb6z8g_UahYq94t
PickupGestureWiimoteZ__y_test.json,PickupGestureWiimoteZ,1h3hVDdTiSckLnj6nRsa6QYGrPfTkD6g4
PickupGestureWiimoteZ__y_train.json,PickupGestureWiimoteZ,14WE60VVQ43wvroPS_PHNlztGNez6NfvU
PickupGestureWiimoteZImputed__X_test.json,PickupGestureWiimoteZImputed,1GbLKG_h_jt6mMFNzNLaM0CT1igd5ECVd
PickupGestureWiimoteZImputed__X_train.json,PickupGestureWiimoteZImputed,1HCUy2o8DwBzTnW7fC2JEfmoTUow8KH0v
PickupGestureWiimoteZImputed__metadata.yaml,PickupGestureWiimoteZImputed,1ZusFaHA47VWzYeXYlhwfIjLRjeqtPb3D
PickupGestureWiimoteZImputed__y_test.json,PickupGestureWiimoteZImputed,1HEBbu4IZ9HV4LfCJbzR-q_VTEMKcpcA9
PickupGestureWiimoteZImputed__y_train.json,PickupGestureWiimoteZImputed,1d9xZUamMKTdFoOCUgmvbKgnU3uhCCw5v
PigAirwayPressure__X_test.json,PigAirwayPressure,1KBbeX3p8N_SMd2Xd_VLZlrFkMn4hyTEs
PigAirwayPressure__X_train.json,PigAirwayPressure,1wSr8Rlsn0MRDs_OTa2tIYSYWiv6llkU6
PigAirwayPressure__metadata.yaml,PigAirwayPressure,1t1DKFZDbuOg-PxbcYEN1M3B4i20-DCEh
PigAirwayPressure__y_test.json,PigAirwayPressure,15iaDy91_IRHwM-i72nwkczZ4l7rGCuvc
PigAirwayPressure__y_train.json,PigAirwayPressure,16tpaJoiqu-YuEl_bQTEWxNyrTfXzkDye
PigArtPressure__X_test.json,PigArtPressure,19LJm7D2sl_yb96w7e3i6vbOlSbGKpHws
PigArtPressure__X_train.json,PigArtPressure,1PVGyFW6EK56v_h1lhA5UU7hgjQ3t0Dx4
PigArtPressure__metadata.yaml,PigArtPressure,1PeQHDLelzfekKXmvfOt08X0h3G2j-mIL
PigArtPressure__y_test.json,PigArtPressure,1c2wKAIJ2drAANYL7xruIj0P-LQRMpd4h
PigArtPressure__y_train.json,PigArtPressure,1CFO-8ns9TerwUfwfusPDJPw9fukQYBbU
PigCVP__X_test.json,PigCVP,1ICfmbC0c-jzvkbsQx0kHvkMtGO0CSWVM
PigCVP__X_train.json,PigCVP,1Zw2qTptI8zRCwpcOY0s78oqV3xhnTAXv
PigCVP__metadata.yaml,PigCVP,1O_jzeD3rV75pWgTUNYW7DFHP_07Rghx6
PigCVP__y_test.json,PigCVP,1j22sq5Q1M3LQF6KqtGRVu_gTE8aKLwT-
PigCVP__y_train.json,PigCVP,1iJ6xz6x0FH0QoTgzuTAe-qRXYWbiqIUH
Plane__X_test.json,Plane,17flI4BlcvZ9XhL93auxQ1XpfFyXdE6_-
Plane__X_train.json,Plane,1kovxEiioiY8CQWtvgxxjv_eV5GrjCSam
Plane__metadata.yaml,Plane,1Re8wDhrSFoOlqJaWqCGN6njGFK_zYaz2
Plane__y_test.json,Plane,1ctEl2zG28RgrSSwW9pe4U_s_BpIoEOad
Plane__y_train.json,Plane,1V9jEYbCpZXxap3olDs5neFU_lH24gGFK
PowerCons__X_test.json,PowerCons,1R35bPO3qDDiB76CrdMsGhQO-PcJ4F9bp
PowerCons__X_train.json,PowerCons,1Rd1sBKTQX1yhVQQUNDUuWxdvpe-AA3fe
PowerCons__metadata.yaml,PowerCons,1mfK60zU34HBY2AV0a_5UI30rlHeoG5s_
PowerCons__y_test.json,PowerCons,1nTETGB4kS0zGB5HT7aFq_RFOKeTTmnH1
PowerCons__y_train.json,PowerCons,12O1IwW3kukSAE0uq6xntJ2HgJTv7Ukao
ProximalPhalanxOutlineAgeGroup__X_test.json,ProximalPhalanxOutlineAgeGroup,1FsLFhwGi5vx-oWzM6l4fd8ky6j2VGFv7
ProximalPhalanxOutlineAgeGroup__X_train.json,ProximalPhalanxOutlineAgeGroup,1cXN5gKa7goVEEhemF6DhsY2PUqG9118T
ProximalPhalanxOutlineAgeGroup__metadata.yaml,ProximalPhalanxOutlineAgeGroup,1ROxa-vT1dya_ljQ7jzlTeio1Mv-UaPDQ
ProximalPhalanxOutlineAgeGroup__y_test.json,ProximalPhalanxOutlineAgeGroup,1jBjMM1ytkYgF5PHdFVPvir_11S7c1ui7
ProximalPhalanxOutlineAgeGroup__y_train.json,ProximalPhalanxOutlineAgeGroup,1d707FGL2H5Yc8_aFMwCRcE7dUep_KpKl
ProximalPhalanxOutlineCorrect__X_test.json,ProximalPhalanxOutlineCorrect,1renHNKlOqEqxS4ZlfG3-s83ZD_Ru-Nwy
ProximalPhalanxOutlineCorrect__X_train.json,ProximalPhalanxOutlineCorrect,1JdwaBLqXLn828d-W6ueuprQDNZrhJsUq
ProximalPhalanxOutlineCorrect__metadata.yaml,ProximalPhalanxOutlineCorrect,1R5W1y7vwMdpcV5dtulF1Bfb4oToDJX9I
ProximalPhalanxOutlineCorrect__y_test.json,ProximalPhalanxOutlineCorrect,12R3-UYCTF1FExouXCU1dSNrbILgjJ17w
ProximalPhalanxOutlineCorrect__y_train.json,ProximalPhalanxOutlineCorrect,1vvSq_UgxfyUkSrXFzWvcv4SWSNS8f28Z
ProximalPhalanxTW__X_test.json,ProximalPhalanxTW,1BVShsyXDsZzS57qnFY9NBPpOLP65lxM3
ProximalPhalanxTW__X_train.json,ProximalPhalanxTW,19u8-mfDWZxod-FrmcgDjVBUhuDz1ZJFD
ProximalPhalanxTW__metadata.yaml,ProximalPhalanxTW,1TMAAJMVw63r42g_j0wX4GPtbLqDoshiq
ProximalPhalanxTW__y_test.json,ProximalPhalanxTW,1DgOcW2zDXeQre__lwFz43y0FTwsfVL3q
ProximalPhalanxTW__y_train.json,ProximalPhalanxTW,1Bj8hTFTgNac3K_0pzPwsnJCrUG6djw2y
RacketSports__X_test.json,RacketSports,1X3_5MOBJATNQrxQAc4cLyfcrZajgQbJC
RacketSports__X_train.json,RacketSports,1tHXpqbm4iM386TeWWSMPamEUY4JHYy0F
RacketSports__metadata.yaml,RacketSports,14Y_uRZhUwWSc51lVFs_h0vyUjt1v27kO
RacketSports__y_test.json,RacketSports,1Bn3b2YlLQpZrd_YN6eRN1TzUVBwtTjkv
RacketSports__y_train.json,RacketSports,1dx7L0TkM5hGgR2946_nrUg99nyE78y_g
RavdessAudioOnly__X_test.json,RavdessAudioOnly,1aMCr8w0mWzB5c8rJBHM8T9aRNihYzlf0
RavdessAudioOnly__X_train.json,RavdessAudioOnly,1QGTmYadmn3VLynTEAjI_SRTzWL9zwUoo
RavdessAudioOnly__Y_test.csv,RavdessAudioOnly,1O_zVJ-GUB4GWGdHjj5lXzQcBy1kE8BbA
RavdessAudioOnly__Y_train.csv,RavdessAudioOnly,1K-olv5qs3Wnh475AFvDjmOywo8ZSbO4o
RavdessAudioOnly__metadata.yaml,RavdessAudioOnly,1DF7XheZPX3Ges0C8KUKBdSchb5I7sffI
RefrigerationDevices__X_test.json,RefrigerationDevices,1LYCh15j2NNU41l4R-G7EFTtloIzgK160
RefrigerationDevices__X_train.json,RefrigerationDevices,16kznuzFCovV6JsaP8mWF4bjY3mt6HFT2
RefrigerationDevices__metadata.yaml,RefrigerationDevices,1ghII_lGjpAvDLIDwH2CcgRf5dSCnK3o2
RefrigerationDevices__y_test.json,RefrigerationDevices,11SqZX9mADKho8eFQRcGmJVlLKkGw7N7d
RefrigerationDevices__y_train.json,RefrigerationDevices,1DLp-Fa0jJSO1xKqIgxR675atnnsBg2AL
Rideshare__X.json,Rideshare,1uTDkEInggMHsv-xtlPzLZWjx6JcKitaD
Rideshare__Y.json,Rideshare,1R52xP5JilcEqv3RW8JTkSE9GbjDvpzH-
Rideshare__metadata.yaml,Rideshare,1zEXnjRb_ILK5EWSP6LuPtesNoYxK5-nt
RideshareImputed__X.json,RideshareImputed,1CwJODfp30xYdVCv6NF1rBqpdv0k7Z926
RideshareImputed__Y.json,RideshareImputed,1Zl4HvSNX8Cz_bYrYvGeNiv-qqLPbPtSJ
RideshareImputed__metadata.yaml,RideshareImputed,1arTFpxzIoh9chvuG2l_NQsI-yF4zS8L5
Rock__X_test.json,Rock,1T-hh61WBUqwA9stN01NcvClTDKmumxmm
Rock__X_train.json,Rock,19C_wqCAasUl61kEmdEtLVh2VV2EWZeIO
Rock__metadata.yaml,Rock,1GfDL1_ipBuwIPPTJCNot1OX90CNRZ1x2
Rock__y_test.json,Rock,1h0pOf5585tOWRV_l_xtu9T62ojanWJKU
Rock__y_train.json,Rock,1sB3WFaawAhR6RfTfs3DNrnIYh3GNECHN
Saugeenday__X.json,Saugeenday,1pk_u5kUNhbinz0THx5aMZ2yQqS8Av2YJ
Saugeenday__Y.json,Saugeenday,1BStYkUQ7tTY1bXLbHLB6IbM-j3YLTHl5
Saugeenday__metadata.yaml,Saugeenday,1ZrgHsvYjC7kxdtzHrdZv-bGNXTgLnlEI
ScreenType__X_test.json,ScreenType,1Hoy0NBUcpaIFDH-y9Eh8caCWVTvBi7-Y
ScreenType__X_train.json,ScreenType,12ateXlatGbQqlCmX4v9bjjljlEvLQvVj
ScreenType__metadata.yaml,ScreenType,1J0uFgP7dJ3dGP0m-F_j02A43rw-3ep1Y
ScreenType__y_test.json,ScreenType,19nzXRIFfnEHFiFDb58DMDus97GGK_f7J
ScreenType__y_train.json,ScreenType,1sRM0ko5_NnWzAe2nIVsbiL1mSK25j-SJ
SelfRegulationSCP1__X_test.json,SelfRegulationSCP1,1mvo-U7TdpzWNf3JtZTfkBqO5IFNGHPNE
SelfRegulationSCP1__X_train.json,SelfRegulationSCP1,1zO9uSLneQnJ5sXVg6QbkH2rmxioJooP1
SelfRegulationSCP1__metadata.yaml,SelfRegulationSCP1,1eU0N4tIJUmhez-CIuYLjWqwvMkXI2_cP
SelfRegulationSCP1__y_test.json,SelfRegulationSCP1,1FJu_jb4fpsmhnefRCj9MdMr5PKQBSgk5
SelfRegulationSCP1__y_train.json,SelfRegulationSCP1,1dpm87lk9s4yXPA0YM9_7zrxnp_BsICmI
SelfRegulationSCP2__X_test.json,SelfRegulationSCP2,1GkG1VlsuQJ58TEG1n_Qn0cp487xIwGK5
SelfRegulationSCP2__X_train.json,SelfRegulationSCP2,1NO5mRV4W7jyRNzcVLq-jap-9ZLS3IYqH
SelfRegulationSCP2__metadata.yaml,SelfRegulationSCP2,1P7rPsjyNaqh6XDVNxCBcc7BHnz_kzTLd
SelfRegulationSCP2__y_test.json,SelfRegulationSCP2,1oge2VWqTbF9z44sOm13dvT4GdN4fZe4Y
SelfRegulationSCP2__y_train.json,SelfRegulationSCP2,1ig8u5A15FM81oxcueJ8m6u0xqSbIe0iL
SemgHandGenderCh2__X_test.json,SemgHandGenderCh2,1EBQQho152Lq78bf-v1ooEds1Cke_aIaL
SemgHandGenderCh2__X_train.json,SemgHandGenderCh2,1qjQcOQJgzp8DGQ6cRXjCAbxCxQ4WW3IH
SemgHandGenderCh2__metadata.yaml,SemgHandGenderCh2,1OtjJH1DF_68XNCx95rCKS8jiIaXMRqv1
SemgHandGenderCh2__y_test.json,SemgHandGenderCh2,1nHfq9D4MXOmad1ArEMddZvzhOgwMAGvx
SemgHandGenderCh2__y_train.json,SemgHandGenderCh2,1WQDbmcOm7uLzv3jsXF5iA2xRwk_JNu7o
SemgHandMovementCh2__X_test.json,SemgHandMovementCh2,1Lv_cy7azkVNb3-a0ehzwfrY64PwW1FmA
SemgHandMovementCh2__X_train.json,SemgHandMovementCh2,1ykuErFfz8ci_qJV_9TQOsUOhwisw9O6S
SemgHandMovementCh2__metadata.yaml,SemgHandMovementCh2,1cpmI_oVns41F2VVNIxH8tC4ASpI1x-ZB
SemgHandMovementCh2__y_test.json,SemgHandMovementCh2,1PBeqsGbKZm5HJNDLS4zlg4XhyvSdCl1F
SemgHandMovementCh2__y_train.json,SemgHandMovementCh2,1DFE-Plp8Wb3QsXJ1kOkJDmT9vJjizw5r
SemgHandSubjectCh2__X_test.json,SemgHandSubjectCh2,1va63oDEsczOZqGRx7wM328xA1DYDjhe4
SemgHandSubjectCh2__X_train.json,SemgHandSubjectCh2,1OvgC5ufohN2c_BZykvN6h7zc3n0P-Fdu
SemgHandSubjectCh2__metadata.yaml,SemgHandSubjectCh2,1uUqPHc4ctzsD53lE-uddGqZoBLE15sai
SemgHandSubjectCh2__y_test.json,SemgHandSubjectCh2,1OxfZx6lB8blLbUeBy5IcDYfpYKkOFaG2
SemgHandSubjectCh2__y_train.json,SemgHandSubjectCh2,1T2SkNgbG-Jj8cuRVekqpdxc_6KAwJSzy
ShakeGestureWiimoteZ__X_test.json,ShakeGestureWiimoteZ,1Jq9oPYb3ic_2n1Tpfx6nyuVYhqWrXrq-
ShakeGestureWiimoteZ__X_train.json,ShakeGestureWiimoteZ,1U84LZjPvOiIjbvX76b7zdj-iM-WOdamS
ShakeGestureWiimoteZ__metadata.yaml,ShakeGestureWiimoteZ,1YYckiPbLjiUp31lLBXTfzcHpxqIgVSzV
ShakeGestureWiimoteZ__y_test.json,ShakeGestureWiimoteZ,1Qh19wgHZJ22n8Anwo9iD1PkxFvfywe7F
ShakeGestureWiimoteZ__y_train.json,ShakeGestureWiimoteZ,1HJB5tHdR1TLZfg5wOrM4NtqgtvH7pQ4J
ShakeGestureWiimoteZImputed__X_test.json,ShakeGestureWiimoteZImputed,1O5XeclGtHHjaotU_zJjq48ZiVzXtSwUv
ShakeGestureWiimoteZImputed__X_train.json,ShakeGestureWiimoteZImputed,1Qcn9t3Xs-cgqX72CdYlTWkNZjYn5wjT4
ShakeGestureWiimoteZImputed__metadata.yaml,ShakeGestureWiimoteZImputed,1fh0q-a8bvSNMlRXFP0xgWRAdw6MqSs64
ShakeGestureWiimoteZImputed__y_test.json,ShakeGestureWiimoteZImputed,19RWSrJbV5xqw0QEOsNEpbw7s3bfs_4Az
ShakeGestureWiimoteZImputed__y_train.json,ShakeGestureWiimoteZImputed,1UUa76F3LYRIHjgkzB9uKVYqQISj18jIM
ShapeletSim__X_test.json,ShapeletSim,1cRnG-GUpHcGHPp35OEPP98OBNFnLBlfs
ShapeletSim__X_train.json,ShapeletSim,1SPqBckSDsiKwG5uKEUYjsONZPF74Hs7y
ShapeletSim__metadata.yaml,ShapeletSim,1RXF2a__wvIBszA2FglYKJIQKZltPUyLc
ShapeletSim__y_test.json,ShapeletSim,1J4UsZ30SsDALRMr1a2bLowabpsl8zPvt
ShapeletSim__y_train.json,ShapeletSim,1aBTrLHjsYKyhmAyUAyl-DxBYgTjlUrNb
ShapesAll__X_test.json,ShapesAll,1wpPM8sdPEMRnZkhWIre3C7Gc_acm8txq
ShapesAll__X_train.json,ShapesAll,1NuDPH_9yoNcFQ3rsMfAICh0yiNANNH3f
ShapesAll__metadata.yaml,ShapesAll,1MWxLS0k7L2sbz-W_1CClBPsrWyPh6LmW
ShapesAll__y_test.json,ShapesAll,1wBJ6r5EBCMIoEalFXAWrx9DKqvPpRjMv
ShapesAll__y_train.json,ShapesAll,1qnArZlkL0h3d8LaFNFnxPTX12-jX79IM
SmallKitchenAppliances__X_test.json,SmallKitchenAppliances,1Iv3SlwLUwhgJB4hBNXlZGM1TU4SkwgQi
SmallKitchenAppliances__X_train.json,SmallKitchenAppliances,1DeGF4qYxWOCsrhFHDsNK-V0lPqPXdGz8
SmallKitchenAppliances__metadata.yaml,SmallKitchenAppliances,1VQxlfdBDHcG3uKfw3P1WZAHDQXrstfIt
SmallKitchenAppliances__y_test.json,SmallKitchenAppliances,1wTOqWbv2nr3W03h5IFobTHzkv_daTM-W
SmallKitchenAppliances__y_train.json,SmallKitchenAppliances,1vf_XdlaUhc-Q4ouN5ix3XyDxuO7rRFW8
SmoothSubspace__X_test.json,SmoothSubspace,1mhsaEdlhGS9yUl-zQvHKKlMTtSTNej96
SmoothSubspace__X_train.json,SmoothSubspace,1lW-PvdYfssm1vPAMW05aUQagejfwbrM4
SmoothSubspace__metadata.yaml,SmoothSubspace,14yjl5G4rFu1o5NUzYwyix7v1Q4qr9h--
SmoothSubspace__y_test.json,SmoothSubspace,11hrFFMxxrc64oN4igZdlBxVt336ZmmSp
SmoothSubspace__y_train.json,SmoothSubspace,1NbfYG-a67FSmp3MHYY_EjeePIPZMyzlr
Solar10Minutes__X.json,Solar10Minutes,1_hFzAsaOaoWuTBcpIBE3DRl5s1GV5UWY
Solar10Minutes__Y.json,Solar10Minutes,1mDqc4VazHLOhGLOfrul4hRt9sOp-dFPb
Solar10Minutes__metadata.yaml,Solar10Minutes,1E9Wl8C2lw-yl95DXttbq6u7m_kytCjup
Solar4Seconds__X.json,Solar4Seconds,1SklSoSsxtKg-bNCQWDDKLp58PaZxM9hw
Solar4Seconds__Y.json,Solar4Seconds,13I6lsAQg2qrUQi3Iu-zkq9ggW9A5iLLG
Solar4Seconds__metadata.yaml,Solar4Seconds,1gF59DAIR2Zm6L1d75XXXc7WMezKCkubL
SolarWeekly__X.json,SolarWeekly,1F4YCNPP_uzBXszddUhsP1ciMVk-gZEqP
SolarWeekly__Y.json,SolarWeekly,1zYzktBpsnE-Lb4nJEI1F6J563RHOXCj0
SolarWeekly__metadata.yaml,SolarWeekly,1BkgESBbx3bqjbp-yApXW0PpdXQ7qR0BE
SonyAIBORobotSurface1__X_test.json,SonyAIBORobotSurface1,1ObHkRFvQ8D5UMbDCkfquge2A0-xU49GF
SonyAIBORobotSurface1__X_train.json,SonyAIBORobotSurface1,1jgxNrJW78t74p9W-qHSS_YoJblpBQnHT
SonyAIBORobotSurface1__metadata.yaml,SonyAIBORobotSurface1,1imVyEz5Vhe9qaq92Z6jAOXlBTYG1cEcu
SonyAIBORobotSurface1__y_test.json,SonyAIBORobotSurface1,1neetAEknF-e4H3PnKbx9xwdeONDlKLZ0
SonyAIBORobotSurface1__y_train.json,SonyAIBORobotSurface1,11w4j23U-OaF56igIKJUct9WcNpu7-WO1
SonyAIBORobotSurface2__X_test.json,SonyAIBORobotSurface2,1TzRiZrr0ZjW9H0aU0aEHAlHNhAdR020m
SonyAIBORobotSurface2__X_train.json,SonyAIBORobotSurface2,1U1S6CMe4guveXWcs-TjSMlwUXUmkxLnT
SonyAIBORobotSurface2__metadata.yaml,SonyAIBORobotSurface2,1vxEtsKyee3gUs0gZNgDZ-g4oobAbT8Yj
SonyAIBORobotSurface2__y_test.json,SonyAIBORobotSurface2,1L9VSCkx4lTOgRUH3Q-94ltXVwB0DUI07
SonyAIBORobotSurface2__y_train.json,SonyAIBORobotSurface2,1afBFnmp9pqwxdSbCUjWFYyoUJBrjw4-K
SpokenArabicDigits__X_test.json,SpokenArabicDigits,1leBQsbD1al4GrVVru-FjU1XZMQi4BSWt
SpokenArabicDigits__X_train.json,SpokenArabicDigits,1gT4aKeFkosFh4f0-0jnNF9rZaKuuBmOj
SpokenArabicDigits__metadata.yaml,SpokenArabicDigits,13cwKQbUS2HjY-fTZzblQAtlk5M8nVdsJ
SpokenArabicDigits__y_test.json,SpokenArabicDigits,1fiJ21E4KCI70BztTKk3FrUCEPUDtOg4a
SpokenArabicDigits__y_train.json,SpokenArabicDigits,1t-Dx0F_RFxK2NJN4Vvfcrcx7M3p2jJ0d
SpokenArabicDigitsImputed__X_test.json,SpokenArabicDigitsImputed,17dy5xN9DIk-YkxULAQolUDwSV3LKXb4Y
SpokenArabicDigitsImputed__X_train.json,SpokenArabicDigitsImputed,1wvPixzGeDvWDiqGNygCMmgpylHxElaj2
SpokenArabicDigitsImputed__metadata.yaml,SpokenArabicDigitsImputed,1IyevB8-XMmXuMsFZgG2Ht1uUia4F_wNz
SpokenArabicDigitsImputed__y_test.json,SpokenArabicDigitsImputed,1gNl_3jTsjk7OLCnJ-JrgZz2XVbSfrJcQ
SpokenArabicDigitsImputed__y_train.json,SpokenArabicDigitsImputed,1c_e-Krha141_uK0n3fwvwTJM-NXNNBEz
StandWalkJump__X_test.json,StandWalkJump,1Lt-jLYWZqw-HA58b6rQjZcdCrNs0Ag2E
StandWalkJump__X_train.json,StandWalkJump,1H8CxqGZI36hfIikrpCHo8uOBXPLXutCp
StandWalkJump__metadata.yaml,StandWalkJump,1ws9QFQT-R_knS1yLswuUPkHXIvCScdAL
StandWalkJump__y_test.json,StandWalkJump,1KppjCzgQq2-O9jv6xAT_pGW5mQ4mK7qn
StandWalkJump__y_train.json,StandWalkJump,1k5jeoOwgF0N8XchPKGZU6lzJBQR6zvkr
StarLightCurves__X_test.json,StarLightCurves,10sQY5mQjFiZPfiFcA23-feBEXDwqZa5k
StarLightCurves__X_train.json,StarLightCurves,1yCnfEojtmoOYhXu5LORjvu8z5BU5qPrb
StarLightCurves__metadata.yaml,StarLightCurves,1uQQnrB6X8tnEUpjqvg7veH8cRFBWvE9U
StarLightCurves__y_test.json,StarLightCurves,18tbHc-w5RCl1GC5OP0l1LJo5eOcremT1
StarLightCurves__y_train.json,StarLightCurves,1Bfo7qDRur6kmZgzHim6_NThlrImGvCLT
Strawberry__X_test.json,Strawberry,15lh2p3yKc1jl9qo9i1J4B28HiZRDsJ5l
Strawberry__X_train.json,Strawberry,1mj83EBMOuKAIXgKnaS-99klB2gtWQ7rd
Strawberry__metadata.yaml,Strawberry,1brIEs8T8USkwiQDxdfRP0LyROeGH4N89
Strawberry__y_test.json,Strawberry,1JkTihkhPwSrf9wDAKIeTXapaI8J_MgQ2
Strawberry__y_train.json,Strawberry,1TDD8E1LEh7cjZEd3pigMhksUbuqKENQm
Sunspot__X.json,Sunspot,1lvKXoaFo1oFyGTfPPbeCoKHlEQ_9e-Mr
Sunspot__Y.json,Sunspot,1udqzwERYnfW6x9kdnrDLqXsDP-KhyVaq
Sunspot__metadata.yaml,Sunspot,13a16EsM-6egJtWXaRRycMwJLrsPhMK-D
SunspotImputed__X.json,SunspotImputed,1C5Elmf11d5QwXon800iICgpULb3a3RoT
SunspotImputed__Y.json,SunspotImputed,1Zy-N-Yn3K0Yh_MBEcPi81sYnlFAICat6
SunspotImputed__metadata.yaml,SunspotImputed,1UF8wJkeHLTpk7aB1AszhpJCr53xjMaO6
SwedishLeaf__X_test.json,SwedishLeaf,1HNXI-TzslIPISC_cxyft-FSYNt7zS2iJ
SwedishLeaf__X_train.json,SwedishLeaf,1sGcSMuXe2oDVWtj4shS-wfxlcIcpzura
SwedishLeaf__metadata.yaml,SwedishLeaf,1fb4W7dKKWmNQAAq24gWVn8Iu5Lg-EAXr
SwedishLeaf__y_test.json,SwedishLeaf,16S-hR-ScAuj0oo45ma6hNO3F0S-mm8ar
SwedishLeaf__y_train.json,SwedishLeaf,1NwQDishwXIKgoA2nU-kNyy81Q8Wv1ZSM
Symbols__X_test.json,Symbols,1ZbZmMXrPGcW74LdLCwupgunhB7ERXIre
Symbols__X_train.json,Symbols,1G7DXEAuO0cZ93j4I3TEagIeVTp5ebanA
Symbols__metadata.yaml,Symbols,1KL3dkFsK3q-okwF7mA8cSBHN-OUAkFVF
Symbols__y_test.json,Symbols,1Ma5mhD4B9W0cudBqI1BMbYzmtYK7y9T1
Symbols__y_train.json,Symbols,1vXPPRGZMX9nWF1mWLaiJ75SklNFB7rBt
SyntheticControl__X_test.json,SyntheticControl,1cwsmqn6HQ7lnpjukrvHM6T6T0-6O8abc
SyntheticControl__X_train.json,SyntheticControl,13dZnJDlZ9ZaWnibxJLlNkpCc3xHYU-__
SyntheticControl__metadata.yaml,SyntheticControl,1-1WzcJ4VghUfWsvOzPsBBIS_U9XAFdnj
SyntheticControl__y_test.json,SyntheticControl,1vOKASaVvLHtIYu6yFKuHDzBUZ2vvFN8A
SyntheticControl__y_train.json,SyntheticControl,1865gQ1bWxHAImhPcu5BptV11O_dPdNPa
TemperatureRain__X.json,TemperatureRain,1yqubFHAmrcFMSgNQskA1gEN_TWBm0Gee
TemperatureRain__Y.json,TemperatureRain,12ku1WVoZPDLAKmaU1S4siVEpd-7lLb9v
TemperatureRain__metadata.yaml,TemperatureRain,12ugNcOXYCpiXZr62tjn7Zfu6dp18-HSg
TemperatureRainImputed__X.json,TemperatureRainImputed,17HRCsL5jT9JgV_EwUTceGoFKlQMQH-gN
TemperatureRainImputed__Y.json,TemperatureRainImputed,18o3f_4AEzty_dMUAsAypJFKUu9ciD985
TemperatureRainImputed__metadata.yaml,TemperatureRainImputed,1T5DocdZtu1R9iBXFlFFWJFFnKX3ek0gu
ToeSegmentation1__X_test.json,ToeSegmentation1,1_nT-tl6fFU3rdqErBYrU47b6CZ2tmD5f
ToeSegmentation1__X_train.json,ToeSegmentation1,1RQpUoIkLYKKhZu3xf7jR0Vvi8CTQRECI
ToeSegmentation1__metadata.yaml,ToeSegmentation1,1Mnf_Y_R0SHSoUz1O3y32_U08tTGnrCrr
ToeSegmentation1__y_test.json,ToeSegmentation1,1-3f2Cq3QgEDP0m06PitB0m3WmpmcUmVK
ToeSegmentation1__y_train.json,ToeSegmentation1,1S6E4aBgCTFvH1ax48w8kEdctpgEx0PFJ
ToeSegmentation2__X_test.json,ToeSegmentation2,1ckc05YPnnXRc2wENFwnu3_hqIOwi-o8n
ToeSegmentation2__X_train.json,ToeSegmentation2,1t3QMUlwgZjnqYdWcIe65fWehYutnzMz5
ToeSegmentation2__metadata.yaml,ToeSegmentation2,1ECUgOBd2yYqjAYKL6-0e6gubnyxCkiiv
ToeSegmentation2__y_test.json,ToeSegmentation2,1Ag321gtwVnNyvFnm07IEsmmRfxaiBrNz
ToeSegmentation2__y_train.json,ToeSegmentation2,1cKrO_a-o2nzsHAqqZy90BaBolFbtp24c
TourismMonthly__X.json,TourismMonthly,1P7rJrsvRgdYQmzvPzBeYVIIDhK4tHIJ_
TourismMonthly__Y.json,TourismMonthly,1lE7au-OmMxahw--KNe8U-c7Ny-1PlUOv
TourismMonthly__metadata.yaml,TourismMonthly,1YYvoED6gdcZSUV-veUihSx2259cSPi_I
TourismQuarterly__X.json,TourismQuarterly,1k8j8aSMUPcE1Mz4NlcbVNhTsdLeWGPhf
TourismQuarterly__Y.json,TourismQuarterly,1GmfEb87TYrLAe2kCaiR1iTHbI7-CGR-2
TourismQuarterly__metadata.yaml,TourismQuarterly,14SfgDIIt4LAvDlmJ_6SNfY-QSbBiPUsc
TourismYearly__X.json,TourismYearly,1okytQBJO5ygUi7dbPkUtq5VFfz__TOCy
TourismYearly__Y.json,TourismYearly,1tBIdbrzFzpRDLjToW_548Roa2FTa1O-w
TourismYearly__metadata.yaml,TourismYearly,1oaF9jSLeFio7OU-CHOWqxQj0-4AKCQMX
Trace__X_test.json,Trace,1RnIaGN_TR4mdjYp5fkGE40bb9s3C9D7d
Trace__X_train.json,Trace,1qNDi2LN0RKUKSKphI3JIeojTBTP8bmYy
Trace__metadata.yaml,Trace,1AYPBOdTEmQeYBWLw1LNd502RyHptWkcK
Trace__y_test.json,Trace,1-qSYP8bjWddDiMiusJCsn1eeE1GM5Rtc
Trace__y_train.json,Trace,1W5UvPAkENh7SPu7xYiPD4jABRG0wFllt
TrafficHourly__X.json,TrafficHourly,12J-xFQqOor-c_sroVldWKIaFL6etWs-E
TrafficHourly__Y.json,TrafficHourly,1yt-umzLDLN26JqXQn17uYBcCXFi5QMts
TrafficHourly__metadata.yaml,TrafficHourly,1-1VbhHNvnfw17SnicYuRllp4ZmjY0bNw
TrafficWeekly__X.json,TrafficWeekly,1ZnXsVBbZISVnHSQOA257KhxzMei9d4ji
TrafficWeekly__Y.json,TrafficWeekly,1lIigYSknDRzOTi4c-9axQVxvyp16eWNM
TrafficWeekly__metadata.yaml,TrafficWeekly,1aoJFENa6XL7nSIoXrkRZk9wyun_FpkGr
TwoLeadECG__X_test.json,TwoLeadECG,1L7hQpbPnja41e6aaOkt2ANuR7Kw1YMxj
TwoLeadECG__X_train.json,TwoLeadECG,1QMThkO-chiLXE-tBQ8LC9fL4YSGugdk3
TwoLeadECG__metadata.yaml,TwoLeadECG,1FJ7L1XM-09t9FsGeVnVQsS8DYoaT3J18
TwoLeadECG__y_test.json,TwoLeadECG,1At2gzGD4lWFSo0q24xElDPdutxNvdJ85
TwoLeadECG__y_train.json,TwoLeadECG,1A2bHK4sLsDLHJz33eqK_ijc880zdV9Ce
TwoPatterns__X_test.json,TwoPatterns,1G2N5XuOQXZOj8TJRasez_6PrAF7hpQMR
TwoPatterns__X_train.json,TwoPatterns,1x8H1ify5CbZM6_R6BDAsj8NFVpdRkWyl
TwoPatterns__metadata.yaml,TwoPatterns,1XK8As9Kte2RotKszTCk-yed5C3CmYZqM
TwoPatterns__y_test.json,TwoPatterns,1-aQZsGF4tZzbi63xFAY3J3b77URDDSc2
TwoPatterns__y_train.json,TwoPatterns,1FqYOTwpSqC_Y7OgsUbwLSXQGoGsSjeQq
UMD__X_test.json,UMD,11uXmQKJtLvqlI39bZTKVUPfKmJRi5PV9
UMD__X_train.json,UMD,16UrHXL7LxzvNh-g-qR50q6FS4mIOTunB
UMD__metadata.yaml,UMD,1sLG-FYkuIIO44-cxnSPzVlJCIMRnr12i
UMD__y_test.json,UMD,1MSa24-sPGeLzlMcWy9uPxPhUN34law8R
UMD__y_train.json,UMD,1xBwH2NgxSXcyroTmHaOGARPSYT-ZJZMj
UWaveGestureLibrary__X_test.json,UWaveGestureLibrary,1easMpsm6PtZ0_Jx7rkFj1zpqNONsJsHx
UWaveGestureLibrary__X_train.json,UWaveGestureLibrary,1QizxDPvgrul47bzRLu2pcjTwis_y867q
UWaveGestureLibrary__metadata.yaml,UWaveGestureLibrary,10I0eFB2xsUOnNyLFagNbcwFGE7RCI5Tq
UWaveGestureLibrary__y_test.json,UWaveGestureLibrary,1A6i-eCy9J5fil_jODDd_LDis7blXCB3w
UWaveGestureLibrary__y_train.json,UWaveGestureLibrary,1BhlN-Pv7-7q5m6S5HK-cVoJYpL1tk5e7
UWaveGestureLibraryAll__X_test.json,UWaveGestureLibraryAll,1KnPk-TPBZT_hx7iJgvg1lKcqdncRfEwM
UWaveGestureLibraryAll__X_train.json,UWaveGestureLibraryAll,1SeZ75CpFlL612fuozmMvF4mH4BU0A-OG
UWaveGestureLibraryAll__metadata.yaml,UWaveGestureLibraryAll,1qi_D_2SkupXClB5JHoZEzT9FH3PDd9dz
UWaveGestureLibraryAll__y_test.json,UWaveGestureLibraryAll,1LTcZ6CNJanepWBpfb6G-etD20WmAByAd
UWaveGestureLibraryAll__y_train.json,UWaveGestureLibraryAll,1EHuJEQiiEXX7r4aFnrjQAH6p6B4XIJCL
UWaveGestureLibraryX__X_test.json,UWaveGestureLibraryX,1NkOzUNz4TGpHPoektINp3YByeU0MRO5s
UWaveGestureLibraryX__X_train.json,UWaveGestureLibraryX,1Lw8HJcHDAhicU6IJCmprN7y9oGMeRKdB
UWaveGestureLibraryX__metadata.yaml,UWaveGestureLibraryX,1lTEdEC7WdalJJ5aiIm03-YkAYHkpGBn2
UWaveGestureLibraryX__y_test.json,UWaveGestureLibraryX,1DOvCEYQW161yx5gsoo3cjUOPK2vD55dM
UWaveGestureLibraryX__y_train.json,UWaveGestureLibraryX,1akxzDkEt74eBFB7AxFq14aBaDy7V3VJ4
UWaveGestureLibraryY__X_test.json,UWaveGestureLibraryY,1vcgGXMCcIaEu4eRDGQIgM1VUgWI_1O5I
UWaveGestureLibraryY__X_train.json,UWaveGestureLibraryY,1wSA3dnCdiklsEziqtbKSzph3nly0Lx45
UWaveGestureLibraryY__metadata.yaml,UWaveGestureLibraryY,1nlqUMPDXPPfZiFIxOCQuXQfcrSujBq1d
UWaveGestureLibraryY__y_test.json,UWaveGestureLibraryY,1aipPVKETZQ5Gg5PXcI4fJ8DlSjTfBRjj
UWaveGestureLibraryY__y_train.json,UWaveGestureLibraryY,1FW-PhurqQkI5M-c22g1aXTCyXo5VD3Yx
UWaveGestureLibraryZ__X_test.json,UWaveGestureLibraryZ,12bffj6GehKLcTWNXYp-j7t1j-zxhJOCw
UWaveGestureLibraryZ__X_train.json,UWaveGestureLibraryZ,10oQgy5j9bU7wMR3gtvPCg6pTXwF6Q6kw
UWaveGestureLibraryZ__metadata.yaml,UWaveGestureLibraryZ,1s1qiVmW_SMKZWTlm3CyYhcOTZX6i6Fyj
UWaveGestureLibraryZ__y_test.json,UWaveGestureLibraryZ,1raGKuxKkKYlH49nE42v7N2KoF0fu5ep5
UWaveGestureLibraryZ__y_train.json,UWaveGestureLibraryZ,195jfSArKgOEHXj55xlOLy0UGO4Vg4ycz
UsBirths__X.json,UsBirths,1pg5X_Kxcyz97UHu1F1dF1bb8ur86rqtK
UsBirths__Y.json,UsBirths,12WR9wfQX7D3p0_sc0OkGlIaFAGLsDyHU
UsBirths__metadata.yaml,UsBirths,1vbP2Q3UvI7Qut-32rcx0gHx9jz33Nhcu
VehicleTrips__X.json,VehicleTrips,1HL-GX5B28HATj3Q2VPJ05msR7jfj7q_b
VehicleTrips__Y.json,VehicleTrips,1Ek_b89oV86CU6YaNYLnyA47Jy90KS7i1
VehicleTrips__metadata.yaml,VehicleTrips,1n_XZNyVhatXOEE08-XJVvdEFHIdzQ8Aj
VehicleTripsImputed__X.json,VehicleTripsImputed,1r_9UeUfjzPhYvecmW9Ht38u4G7hO-K47
VehicleTripsImputed__Y.json,VehicleTripsImputed,1WdMIxQNIss5YWTLQWghGBqhGqzLPpsTO
VehicleTripsImputed__metadata.yaml,VehicleTripsImputed,18RUzpYP99uSfW2dPJf3QTQ2hUGCdbYzo
Wafer__X_test.json,Wafer,1iflVw_X0N4jhtQLUmH6IjLVHS7vTekqg
Wafer__X_train.json,Wafer,1SraKCKmivcocBFsjVENFEa2pLDpWyrRJ
Wafer__metadata.yaml,Wafer,18A8Anr5huyIU5O_Ox8MYMEt2hscZ8S0N
Wafer__y_test.json,Wafer,1EjTbkbqRuxi711oy5_gXjvdHR0kqlcHe
Wafer__y_train.json,Wafer,1EmnwZQoehbQIUBLrgExhnhECRgvVSZVt
Weather__X.json,Weather,1IeNf8V9B_nzz1EHGg8vqbJ7xnMWyODDu
Weather__Y.json,Weather,16Mvv8qGdzjzq1hr6WKy185YO8e5p8hiv
Weather__metadata.yaml,Weather,1z9UBfrZ9a-3q3J7Eejsk7FZ-D35kKGRy
Wind4Seconds__X.json,Wind4Seconds,1Le4gHPmX3HUUE6Fh27BmgNtZOoeKSPcC
Wind4Seconds__Y.json,Wind4Seconds,16RKAxX8ORFwWROIe1ATBxhvucagZ5knO
Wind4Seconds__metadata.yaml,Wind4Seconds,1WVAr1dPlPRM_lyZzgC57xFdwkUX_XqN2
WindFarmsMinutely__X.json,WindFarmsMinutely,1t-bguqVzjTkTK_j82lD7VRaHsVAO-thu
WindFarmsMinutely__Y.json,WindFarmsMinutely,1VVCWS6M1cpt3dmCjj3Cjl2jlnxlGLc1i
WindFarmsMinutely__metadata.yaml,WindFarmsMinutely,12wD13Gk3G98w_9luyjWWaAGFZWdrtd2H
WindFarmsMinutelyImputed__X.json,WindFarmsMinutelyImputed,184Dw07tLJ-SzjAdJfRvIKBbpSFlMbcxV
WindFarmsMinutelyImputed__Y.json,WindFarmsMinutelyImputed,10rGheoudF30LqC-yxiBVlHP38cswWgFO
WindFarmsMinutelyImputed__metadata.yaml,WindFarmsMinutelyImputed,1kqw3tkFbwoo34VjkoAuJuBviJGtJsfQp
Wine__X_test.json,Wine,1qfHSUCtO5VmwB_aXuSROFZG7QrlNzHny
Wine__X_train.json,Wine,1peVUZC2QC34PPC9m-X-ZiQO8VwDA803V
Wine__metadata.yaml,Wine,19LSFICAhvM3AOXLGKpb-P8smkhT0K2z7
Wine__y_test.json,Wine,1a8IOQ7lmrAs-U_feNkopOb0nmfqHyjYd
Wine__y_train.json,Wine,154Hdtqfd2brUFiANW8LtUTaPxmTJQQQl
WordSynonyms__X_test.json,WordSynonyms,11uWEb7UGhfCVJrDM-uloVDqzsdJYMsmM
WordSynonyms__X_train.json,WordSynonyms,1eoND3eeEnkQiu5LkWfU0ON5tcfKNDfT5
WordSynonyms__metadata.yaml,WordSynonyms,1co2nQmTl8H3KkmgpK2nEsftcOYdtd7Z6
WordSynonyms__y_test.json,WordSynonyms,1Y023vlVE3nbyIyskI58f5_kKHmCneuG-
WordSynonyms__y_train.json,WordSynonyms,19fXSipsvM5HPBS9eNGGnPZQB3QSO7uZi
Worms__X_test.json,Worms,1vSDybhPZjDm-6gyyiklwBUa_u9lokjDs
Worms__X_train.json,Worms,1ggjiuzvmcWL-4w9pQIL-F1P1fxkRXNMY
Worms__metadata.yaml,Worms,1lM7NOMw8vU6u_QgLk9iG1LE-YXSbrQqo
Worms__y_test.json,Worms,1O5hz-xIzLBBXTBxQjI2gxcCZntsypODE
Worms__y_train.json,Worms,1JaJaSlIinAuVMagX8N_YK9c4OVAU4R17
WormsTwoClass__X_test.json,WormsTwoClass,1sWezMHGj0xz2amiur9FJwZQwOokg1FlR
WormsTwoClass__X_train.json,WormsTwoClass,1vyCooZSyTOlB6wCPsz8Iw4Tsio7Dy440
WormsTwoClass__metadata.yaml,WormsTwoClass,1sYALquwXAf2QyLghi6WE2RJ2fDHNibnC
WormsTwoClass__y_test.json,WormsTwoClass,1M_6Kwit8opM_60IIM1JARUhro-OBiqY-
WormsTwoClass__y_train.json,WormsTwoClass,1Ky0sSpkXYZzmpktDAp7iy2SZdpnEXCuS
Yoga__X_test.json,Yoga,1y1YdhfCaQ9wW4M3ZYo5xot6Hz6w5GbeJ
Yoga__X_train.json,Yoga,1ZXXQE9w7NBnjJv1sUKMdDBTrSwRmbD7T
Yoga__metadata.yaml,Yoga,1K1bzcxAuBGfBokwPqIx2UuU8GfqRrUKi
Yoga__y_test.json,Yoga,13KTnsAg8FxFNfvYvnwErmguNlfVir764
Yoga__y_train.json,Yoga,1HzUGpGefEwYYgia6IoWnFFY-h2V8cRpG
